--
-- PostgreSQL database dump
--

-- Dumped from database version 11.2
-- Dumped by pg_dump version 11.2

SET statement_timeout = 0;
SET lock_timeout = 0;
SET idle_in_transaction_session_timeout = 0;
SET client_encoding = 'UTF8';
SET standard_conforming_strings = on;
SELECT pg_catalog.set_config('search_path', '', false);
SET check_function_bodies = false;
SET client_min_messages = warning;
SET row_security = off;

--
-- Name: topology; Type: SCHEMA; Schema: -; Owner: -
--

CREATE SCHEMA topology;


--
-- Name: SCHEMA topology; Type: COMMENT; Schema: -; Owner: -
--

COMMENT ON SCHEMA topology IS 'PostGIS Topology schema';


--
-- Name: postgis; Type: EXTENSION; Schema: -; Owner: -
--

CREATE EXTENSION IF NOT EXISTS postgis WITH SCHEMA public;


--
-- Name: EXTENSION postgis; Type: COMMENT; Schema: -; Owner: -
--

COMMENT ON EXTENSION postgis IS 'PostGIS geometry, geography, and raster spatial types and functions';


--
-- Name: postgis_topology; Type: EXTENSION; Schema: -; Owner: -
--

CREATE EXTENSION IF NOT EXISTS postgis_topology WITH SCHEMA topology;


--
-- Name: EXTENSION postgis_topology; Type: COMMENT; Schema: -; Owner: -
--

COMMENT ON EXTENSION postgis_topology IS 'PostGIS topology spatial types and functions';


SET default_tablespace = '';

SET default_with_oids = false;

--
-- Name: alembic_version; Type: TABLE; Schema: public; Owner: -
--

CREATE TABLE public.alembic_version (
    version_num character varying(32) NOT NULL
);


--
-- Name: licenses; Type: TABLE; Schema: public; Owner: -
--

CREATE TABLE public.licenses (
    id integer NOT NULL,
    name character varying,
    description character varying,
    plain_text character varying
);


--
-- Name: licenses_id_seq; Type: SEQUENCE; Schema: public; Owner: -
--

CREATE SEQUENCE public.licenses_id_seq
    AS integer
    START WITH 1
    INCREMENT BY 1
    NO MINVALUE
    NO MAXVALUE
    CACHE 1;


--
-- Name: licenses_id_seq; Type: SEQUENCE OWNED BY; Schema: public; Owner: -
--

ALTER SEQUENCE public.licenses_id_seq OWNED BY public.licenses.id;


--
-- Name: messages; Type: TABLE; Schema: public; Owner: -
--

CREATE TABLE public.messages (
    id integer NOT NULL,
    message character varying,
    subject character varying,
    from_user_id bigint,
    to_user_id bigint,
    date timestamp without time zone,
    read boolean,
    message_type integer,
    project_id integer,
    task_id integer
);


--
-- Name: messages_id_seq; Type: SEQUENCE; Schema: public; Owner: -
--

CREATE SEQUENCE public.messages_id_seq
    AS integer
    START WITH 1
    INCREMENT BY 1
    NO MINVALUE
    NO MAXVALUE
    CACHE 1;


--
-- Name: messages_id_seq; Type: SEQUENCE OWNED BY; Schema: public; Owner: -
--

ALTER SEQUENCE public.messages_id_seq OWNED BY public.messages.id;


--
-- Name: priority_areas; Type: TABLE; Schema: public; Owner: -
--

CREATE TABLE public.priority_areas (
    id integer NOT NULL,
    geometry public.geometry(Polygon,4326)
);


--
-- Name: priority_areas_id_seq; Type: SEQUENCE; Schema: public; Owner: -
--

CREATE SEQUENCE public.priority_areas_id_seq
    AS integer
    START WITH 1
    INCREMENT BY 1
    NO MINVALUE
    NO MAXVALUE
    CACHE 1;


--
-- Name: priority_areas_id_seq; Type: SEQUENCE OWNED BY; Schema: public; Owner: -
--

ALTER SEQUENCE public.priority_areas_id_seq OWNED BY public.priority_areas.id;


--
-- Name: project_allowed_users; Type: TABLE; Schema: public; Owner: -
--

CREATE TABLE public.project_allowed_users (
    project_id integer,
    user_id bigint
);


--
-- Name: project_chat; Type: TABLE; Schema: public; Owner: -
--

CREATE TABLE public.project_chat (
    id bigint NOT NULL,
    project_id integer NOT NULL,
    user_id integer NOT NULL,
    time_stamp timestamp without time zone NOT NULL,
    message character varying NOT NULL
);


--
-- Name: project_chat_id_seq; Type: SEQUENCE; Schema: public; Owner: -
--

CREATE SEQUENCE public.project_chat_id_seq
    START WITH 1
    INCREMENT BY 1
    NO MINVALUE
    NO MAXVALUE
    CACHE 1;


--
-- Name: project_chat_id_seq; Type: SEQUENCE OWNED BY; Schema: public; Owner: -
--

ALTER SEQUENCE public.project_chat_id_seq OWNED BY public.project_chat.id;


--
-- Name: project_info; Type: TABLE; Schema: public; Owner: -
--

CREATE TABLE public.project_info (
    project_id integer NOT NULL,
    locale character varying(10) NOT NULL,
    name character varying(512),
    short_description character varying,
    description character varying,
    instructions character varying,
    project_id_str character varying,
    text_searchable tsvector,
    per_task_instructions character varying
);


--
-- Name: project_priority_areas; Type: TABLE; Schema: public; Owner: -
--

CREATE TABLE public.project_priority_areas (
    project_id integer,
    priority_area_id integer
);


--
-- Name: projects; Type: TABLE; Schema: public; Owner: -
--

CREATE TABLE public.projects (
    id integer NOT NULL,
    status integer NOT NULL,
    created timestamp without time zone NOT NULL,
    priority integer,
    default_locale character varying(10),
    author_id bigint NOT NULL,
    mapper_level integer NOT NULL,
    enforce_mapper_level boolean,
    enforce_validator_role boolean,
    private boolean,
    entities_to_map character varying,
    changeset_comment character varying,
    due_date timestamp without time zone,
    imagery character varying,
    josm_preset character varying,
    last_updated timestamp without time zone,
    mapping_types integer[],
    organisation_tag character varying,
    campaign_tag character varying,
    total_tasks integer NOT NULL,
    tasks_mapped integer NOT NULL,
    tasks_validated integer NOT NULL,
    tasks_bad_imagery integer NOT NULL,
    license_id integer,
    centroid public.geometry(Point,4326),
    geometry public.geometry(MultiPolygon,4326),
    task_creation_mode integer
);


--
-- Name: projects_id_seq; Type: SEQUENCE; Schema: public; Owner: -
--

CREATE SEQUENCE public.projects_id_seq
    AS integer
    START WITH 1
    INCREMENT BY 1
    NO MINVALUE
    NO MAXVALUE
    CACHE 1;


--
-- Name: projects_id_seq; Type: SEQUENCE OWNED BY; Schema: public; Owner: -
--

ALTER SEQUENCE public.projects_id_seq OWNED BY public.projects.id;


--
-- Name: tags; Type: TABLE; Schema: public; Owner: -
--

CREATE TABLE public.tags (
    id integer NOT NULL,
    organisations character varying,
    campaigns character varying
);


--
-- Name: tags_id_seq; Type: SEQUENCE; Schema: public; Owner: -
--

CREATE SEQUENCE public.tags_id_seq
    AS integer
    START WITH 1
    INCREMENT BY 1
    NO MINVALUE
    NO MAXVALUE
    CACHE 1;


--
-- Name: tags_id_seq; Type: SEQUENCE OWNED BY; Schema: public; Owner: -
--

ALTER SEQUENCE public.tags_id_seq OWNED BY public.tags.id;


--
-- Name: task_history; Type: TABLE; Schema: public; Owner: -
--

CREATE TABLE public.task_history (
    id integer NOT NULL,
    project_id integer,
    task_id integer NOT NULL,
    action character varying NOT NULL,
    action_text character varying,
    action_date timestamp without time zone NOT NULL,
    user_id bigint NOT NULL
);


--
-- Name: task_history_id_seq; Type: SEQUENCE; Schema: public; Owner: -
--

CREATE SEQUENCE public.task_history_id_seq
    AS integer
    START WITH 1
    INCREMENT BY 1
    NO MINVALUE
    NO MAXVALUE
    CACHE 1;


--
-- Name: task_history_id_seq; Type: SEQUENCE OWNED BY; Schema: public; Owner: -
--

ALTER SEQUENCE public.task_history_id_seq OWNED BY public.task_history.id;


--
-- Name: task_invalidation_history; Type: TABLE; Schema: public; Owner: -
--

CREATE TABLE public.task_invalidation_history (
    id integer NOT NULL,
    project_id integer NOT NULL,
    task_id integer NOT NULL,
    is_closed boolean,
    mapper_id bigint,
    mapped_date timestamp without time zone,
    invalidator_id bigint,
    invalidated_date timestamp without time zone,
    invalidation_history_id integer,
    validator_id bigint,
    validated_date timestamp without time zone,
    updated_date timestamp without time zone
);


--
-- Name: task_invalidation_history_id_seq; Type: SEQUENCE; Schema: public; Owner: -
--

CREATE SEQUENCE public.task_invalidation_history_id_seq
    AS integer
    START WITH 1
    INCREMENT BY 1
    NO MINVALUE
    NO MAXVALUE
    CACHE 1;


--
-- Name: task_invalidation_history_id_seq; Type: SEQUENCE OWNED BY; Schema: public; Owner: -
--

ALTER SEQUENCE public.task_invalidation_history_id_seq OWNED BY public.task_invalidation_history.id;


--
-- Name: tasks; Type: TABLE; Schema: public; Owner: -
--

CREATE TABLE public.tasks (
    id integer NOT NULL,
    project_id integer NOT NULL,
    x integer,
    y integer,
    zoom integer,
    geometry public.geometry(MultiPolygon,4326),
    task_status integer,
    locked_by bigint,
    mapped_by bigint,
    validated_by bigint,
    is_square boolean,
    extra_properties character varying
);


--
-- Name: users; Type: TABLE; Schema: public; Owner: -
--

CREATE TABLE public.users (
    id bigint NOT NULL,
    username character varying,
    role integer NOT NULL,
    mapping_level integer NOT NULL,
    tasks_mapped integer NOT NULL,
    tasks_validated integer NOT NULL,
    tasks_invalidated integer NOT NULL,
    projects_mapped integer[],
    email_address character varying,
    facebook_id character varying,
    is_email_verified boolean,
    linkedin_id character varying,
    twitter_id character varying,
    date_registered timestamp without time zone,
    last_validation_date timestamp without time zone,
    validation_message boolean DEFAULT true NOT NULL,
    is_expert boolean
);


--
-- Name: users_id_seq; Type: SEQUENCE; Schema: public; Owner: -
--

CREATE SEQUENCE public.users_id_seq
    START WITH 1
    INCREMENT BY 1
    NO MINVALUE
    NO MAXVALUE
    CACHE 1;


--
-- Name: users_id_seq; Type: SEQUENCE OWNED BY; Schema: public; Owner: -
--

ALTER SEQUENCE public.users_id_seq OWNED BY public.users.id;


--
-- Name: users_licenses; Type: TABLE; Schema: public; Owner: -
--

CREATE TABLE public.users_licenses (
    "user" bigint,
    license integer
);


--
-- Name: licenses id; Type: DEFAULT; Schema: public; Owner: -
--

ALTER TABLE ONLY public.licenses ALTER COLUMN id SET DEFAULT nextval('public.licenses_id_seq'::regclass);


--
-- Name: messages id; Type: DEFAULT; Schema: public; Owner: -
--

ALTER TABLE ONLY public.messages ALTER COLUMN id SET DEFAULT nextval('public.messages_id_seq'::regclass);


--
-- Name: priority_areas id; Type: DEFAULT; Schema: public; Owner: -
--

ALTER TABLE ONLY public.priority_areas ALTER COLUMN id SET DEFAULT nextval('public.priority_areas_id_seq'::regclass);


--
-- Name: project_chat id; Type: DEFAULT; Schema: public; Owner: -
--

ALTER TABLE ONLY public.project_chat ALTER COLUMN id SET DEFAULT nextval('public.project_chat_id_seq'::regclass);


--
-- Name: projects id; Type: DEFAULT; Schema: public; Owner: -
--

ALTER TABLE ONLY public.projects ALTER COLUMN id SET DEFAULT nextval('public.projects_id_seq'::regclass);


--
-- Name: tags id; Type: DEFAULT; Schema: public; Owner: -
--

ALTER TABLE ONLY public.tags ALTER COLUMN id SET DEFAULT nextval('public.tags_id_seq'::regclass);


--
-- Name: task_history id; Type: DEFAULT; Schema: public; Owner: -
--

ALTER TABLE ONLY public.task_history ALTER COLUMN id SET DEFAULT nextval('public.task_history_id_seq'::regclass);


--
-- Name: task_invalidation_history id; Type: DEFAULT; Schema: public; Owner: -
--

ALTER TABLE ONLY public.task_invalidation_history ALTER COLUMN id SET DEFAULT nextval('public.task_invalidation_history_id_seq'::regclass);


--
-- Name: users id; Type: DEFAULT; Schema: public; Owner: -
--

ALTER TABLE ONLY public.users ALTER COLUMN id SET DEFAULT nextval('public.users_id_seq'::regclass);


--
-- Data for Name: alembic_version; Type: TABLE DATA; Schema: public; Owner: -
--

COPY public.alembic_version (version_num) FROM stdin;
0a6b82b55983
\.


--
-- Data for Name: licenses; Type: TABLE DATA; Schema: public; Owner: -
--

COPY public.licenses (id, name, description, plain_text) FROM stdin;
\.


--
-- Data for Name: messages; Type: TABLE DATA; Schema: public; Owner: -
--

COPY public.messages (id, message, subject, from_user_id, to_user_id, date, read, message_type, project_id, task_id) FROM stdin;
2	Hi ramyaragupathy,<br />\n<br />\nWelcome to the HOT Tasking Manager, we hope you will enjoy being part of the community that is helping map the world.<br />\n<br />\nIf you would like to be alerted to project updates and feedback on your mapping, please add your email address to your profile by clicking on the link below.<br />\n<br />\n<a href="http://192.168.55.117:5000/user/ramyaragupathy">Update your profile here</a><br />\n<br />\nThank you very much!<br />\n<br />\nOn behalf of the Humanitarian OpenStreetMap Team volunteer and staff community we want to welcome you to humanitarian mapping and the wider OpenStreetMap community.<br />\n<br />\nFor a much more detailed welcome letter, please visit <a href="https://wiki.openstreetmap.org/wiki/Humanitarian_OSM_Team/TM_Welcome_Letter">the OSM Wiki Tasking Manager Welcome page</a>. It has links to great learning resources if you want to learn more right away!\n	Welcome to the HOT Tasking Manager	\N	2823295	2019-04-09 03:11:54.74308	t	1	\N	\N
\.


--
-- Data for Name: priority_areas; Type: TABLE DATA; Schema: public; Owner: -
--

COPY public.priority_areas (id, geometry) FROM stdin;
\.


--
-- Data for Name: project_allowed_users; Type: TABLE DATA; Schema: public; Owner: -
--

COPY public.project_allowed_users (project_id, user_id) FROM stdin;
\.


--
-- Data for Name: project_chat; Type: TABLE DATA; Schema: public; Owner: -
--

COPY public.project_chat (id, project_id, user_id, time_stamp, message) FROM stdin;
\.


--
-- Data for Name: project_info; Type: TABLE DATA; Schema: public; Owner: -
--

COPY public.project_info (project_id, locale, name, short_description, description, instructions, project_id_str, text_searchable, per_task_instructions) FROM stdin;
1	en	testing ssa	testing ssa ahsjhdjshfjsh jhsjdh fsjhdfjs jsfhd jshjf hsjdhf sjhfjsh jshfjsdh jshjf hsjhf jsdhfjs hfjshf jsdhfj sdhfjh jsdhfjshfj shjf hsdj	testing ssa ahsjhdjshfjsh jhsjdh fsjhdfjs jsfhd jshjf hsjdhf sjhfjsh jshfjsdh jshjf hsjhf jsdhfjs hfjshf jsdhfj sdhfjh jsdhfjshfj shjf hsdj	testing ssa ahsjhdjshfjsh jhsjdh fsjhdfjs jsfhd jshjf hsjdhf sjhfjsh jshfjsdh jshjf hsjhf jsdhfjs hfjshf jsdhfj sdhfjh jsdhfjshfj shjf hsdj	1	\N	
2	en	arbitrary-project	tests tsete	tests tsete	tests tsete	2	\N	
3	en	arbitrary-1	arbitrary- test split	arbitrary- test split	arbitrary- test split	3	\N	
\.


--
-- Data for Name: project_priority_areas; Type: TABLE DATA; Schema: public; Owner: -
--

COPY public.project_priority_areas (project_id, priority_area_id) FROM stdin;
\.


--
-- Data for Name: projects; Type: TABLE DATA; Schema: public; Owner: -
--

COPY public.projects (id, status, created, priority, default_locale, author_id, mapper_level, enforce_mapper_level, enforce_validator_role, private, entities_to_map, changeset_comment, due_date, imagery, josm_preset, last_updated, mapping_types, organisation_tag, campaign_tag, total_tasks, tasks_mapped, tasks_validated, tasks_bad_imagery, license_id, centroid, geometry, task_creation_mode) FROM stdin;
2	1	2019-04-08 12:21:37.425808	1	en	360183	1	f	f	f	\N	#hotosm-project-2	\N	\N	\N	2019-04-09 03:34:52.985812	{}	\N	\N	16	1	0	1	\N	0101000020E61000004B5FA2C5E5DC3240E03320AF4AF740C0	0106000020E610000001000000010300000001000000050000000100405B40D53240CDE033A57FF540C0010040B6F2D6324010F53EC585F940C00000C02390E23240EDEACD35A0F840C0000080ADC9E63240EBCFC9CBFBF540C00100405B40D53240CDE033A57FF540C0	1
1	1	2019-04-08 10:54:25.449637	1	en	360183	1	f	f	f	\N	#tm-project-1	\N	\N	\N	2019-04-08 11:40:37.248906	{}	\N	\N	171	1	1	2	\N	0101000020E61000005A0601152A3543C05A9C94D060CD29C0	0106000020E6100000010000000103000000010000000E00000015A922BEFA3943C0A897377D739529C015A922BE421F43C053173DCE36BD29C015A922BE522D43C0883A6048D8EC29C016A922BE9B2F43C0F948A4C9BBE829C014A9223E5A3C43C0D647DECB9E092AC014A9223ECA4443C05FC6E2FB38072AC015A922BED24343C0988DCFC461F429C015A922BE024143C0B194E08B47E429C015A922BE4B4343C0387210A150D929C016A922BEC73F43C0D1675BBE01CE29C015A922BE7E3D43C0FAB7CBCCD8AF29C016A9223EEC4043C06AD15D4AFE9C29C014A9223E924043C001D02AE3649329C015A922BEFA3943C0A897377D739529C0	0
3	1	2019-04-08 12:23:34.568831	2	en	360183	1	f	f	f	\N	#hotosm-project-3	\N	\N	\N	2019-04-08 12:24:51.647033	{}	\N	\N	1	0	0	0	\N	0101000020E61000004B5FA2C5E5DC3240E03320AF4AF740C0	0106000020E610000001000000010300000001000000050000000100405B40D53240CDE033A57FF540C0010040B6F2D6324010F53EC585F940C00000C02390E23240EDEACD35A0F840C0000080ADC9E63240EBCFC9CBFBF540C00100405B40D53240CDE033A57FF540C0	1
\.


--
-- Data for Name: spatial_ref_sys; Type: TABLE DATA; Schema: public; Owner: -
--

COPY public.spatial_ref_sys (srid, auth_name, auth_srid, srtext, proj4text) FROM stdin;
\.


--
-- Data for Name: tags; Type: TABLE DATA; Schema: public; Owner: -
--

COPY public.tags (id, organisations, campaigns) FROM stdin;
\.


--
-- Data for Name: task_history; Type: TABLE DATA; Schema: public; Owner: -
--

COPY public.task_history (id, project_id, task_id, action, action_text, action_date, user_id) FROM stdin;
3	1	169	STATE_CHANGE	SPLIT	2019-04-08 10:56:41.164122	360183
4	1	169	STATE_CHANGE	READY	2019-04-08 10:56:41.165376	360183
6	1	170	STATE_CHANGE	SPLIT	2019-04-08 10:56:41.295043	360183
7	1	170	STATE_CHANGE	READY	2019-04-08 10:56:41.29674	360183
9	1	171	STATE_CHANGE	SPLIT	2019-04-08 10:56:41.420013	360183
10	1	171	STATE_CHANGE	READY	2019-04-08 10:56:41.421315	360183
12	1	172	STATE_CHANGE	SPLIT	2019-04-08 10:56:41.596023	360183
13	1	172	STATE_CHANGE	READY	2019-04-08 10:56:41.597381	360183
15	1	172	STATE_CHANGE	BADIMAGERY	2019-04-08 10:56:46.913498	360183
14	1	172	LOCKED_FOR_MAPPING	00:00:01.205755	2019-04-08 10:56:45.710522	360183
17	1	170	STATE_CHANGE	MAPPED	2019-04-08 10:56:57.744843	360183
16	1	170	LOCKED_FOR_MAPPING	00:00:06.556031	2019-04-08 10:56:51.192412	360183
18	1	169	LOCKED_FOR_MAPPING	00:00:02.350503	2019-04-08 10:57:01.171814	360183
20	1	129	STATE_CHANGE	BADIMAGERY	2019-04-08 11:35:52.948456	360183
19	1	129	LOCKED_FOR_MAPPING	00:00:03.338244	2019-04-08 11:35:49.613867	360183
22	1	170	STATE_CHANGE	VALIDATED	2019-04-08 11:40:37.256744	360183
21	1	170	LOCKED_FOR_VALIDATION	00:00:03.416170	2019-04-08 11:40:33.85086	360183
38	2	6	STATE_CHANGE	READY	2019-04-08 12:25:14.405231	360183
39	2	6	STATE_CHANGE	SPLIT	2019-04-08 12:25:14.403753	360183
40	2	6	STATE_CHANGE	SPLIT	2019-04-08 12:25:24.973398	360183
41	2	6	STATE_CHANGE	READY	2019-04-08 12:25:24.97435	360183
43	2	7	STATE_CHANGE	READY	2019-04-08 12:25:14.405231	360183
44	2	7	STATE_CHANGE	SPLIT	2019-04-08 12:25:14.403753	360183
45	2	7	STATE_CHANGE	SPLIT	2019-04-08 12:25:25.098002	360183
46	2	7	STATE_CHANGE	READY	2019-04-08 12:25:25.098977	360183
48	2	8	STATE_CHANGE	READY	2019-04-08 12:25:14.405231	360183
49	2	8	STATE_CHANGE	SPLIT	2019-04-08 12:25:14.403753	360183
50	2	8	STATE_CHANGE	SPLIT	2019-04-08 12:25:25.761684	360183
51	2	8	STATE_CHANGE	READY	2019-04-08 12:25:25.76252	360183
53	2	9	STATE_CHANGE	READY	2019-04-08 12:25:14.405231	360183
54	2	9	STATE_CHANGE	SPLIT	2019-04-08 12:25:14.403753	360183
55	2	9	STATE_CHANGE	SPLIT	2019-04-08 12:25:25.896845	360183
56	2	9	STATE_CHANGE	READY	2019-04-08 12:25:25.897859	360183
59	2	10	STATE_CHANGE	READY	2019-04-08 12:25:14.871701	360183
60	2	10	STATE_CHANGE	SPLIT	2019-04-08 12:25:14.870823	360183
61	2	10	STATE_CHANGE	SPLIT	2019-04-08 12:25:31.435842	360183
62	2	10	STATE_CHANGE	READY	2019-04-08 12:25:31.437325	360183
64	2	11	STATE_CHANGE	READY	2019-04-08 12:25:14.871701	360183
65	2	11	STATE_CHANGE	SPLIT	2019-04-08 12:25:14.870823	360183
66	2	11	STATE_CHANGE	SPLIT	2019-04-08 12:25:31.565856	360183
67	2	11	STATE_CHANGE	READY	2019-04-08 12:25:31.566573	360183
69	2	12	STATE_CHANGE	READY	2019-04-08 12:25:14.871701	360183
70	2	12	STATE_CHANGE	SPLIT	2019-04-08 12:25:14.870823	360183
71	2	12	STATE_CHANGE	SPLIT	2019-04-08 12:25:31.700419	360183
72	2	12	STATE_CHANGE	READY	2019-04-08 12:25:31.701984	360183
74	2	13	STATE_CHANGE	READY	2019-04-08 12:25:14.871701	360183
75	2	13	STATE_CHANGE	SPLIT	2019-04-08 12:25:14.870823	360183
76	2	13	STATE_CHANGE	SPLIT	2019-04-08 12:25:31.823686	360183
77	2	13	STATE_CHANGE	READY	2019-04-08 12:25:31.82449	360183
80	2	14	STATE_CHANGE	READY	2019-04-08 12:25:14.269767	360183
81	2	14	STATE_CHANGE	SPLIT	2019-04-08 12:25:14.268203	360183
82	2	14	STATE_CHANGE	SPLIT	2019-04-08 12:25:39.346795	360183
83	2	14	STATE_CHANGE	READY	2019-04-08 12:25:39.348197	360183
85	2	15	STATE_CHANGE	READY	2019-04-08 12:25:14.269767	360183
86	2	15	STATE_CHANGE	SPLIT	2019-04-08 12:25:14.268203	360183
87	2	15	STATE_CHANGE	SPLIT	2019-04-08 12:25:39.491335	360183
88	2	15	STATE_CHANGE	READY	2019-04-08 12:25:39.492087	360183
90	2	16	STATE_CHANGE	READY	2019-04-08 12:25:14.269767	360183
91	2	16	STATE_CHANGE	SPLIT	2019-04-08 12:25:14.268203	360183
92	2	16	STATE_CHANGE	SPLIT	2019-04-08 12:25:39.622269	360183
93	2	16	STATE_CHANGE	READY	2019-04-08 12:25:39.623319	360183
95	2	17	STATE_CHANGE	READY	2019-04-08 12:25:14.269767	360183
96	2	17	STATE_CHANGE	SPLIT	2019-04-08 12:25:14.268203	360183
97	2	17	STATE_CHANGE	SPLIT	2019-04-08 12:25:39.748029	360183
98	2	17	STATE_CHANGE	READY	2019-04-08 12:25:39.749705	360183
100	2	18	STATE_CHANGE	SPLIT	2019-04-08 12:25:14.535811	360183
101	2	18	STATE_CHANGE	READY	2019-04-08 12:25:14.536724	360183
103	2	18	STATE_CHANGE	SPLIT	2019-04-08 12:25:45.646575	360183
104	2	18	STATE_CHANGE	READY	2019-04-08 12:25:45.647648	360183
105	2	19	STATE_CHANGE	SPLIT	2019-04-08 12:25:14.535811	360183
106	2	19	STATE_CHANGE	READY	2019-04-08 12:25:14.536724	360183
108	2	19	STATE_CHANGE	SPLIT	2019-04-08 12:25:45.778525	360183
109	2	19	STATE_CHANGE	READY	2019-04-08 12:25:45.779649	360183
110	2	20	STATE_CHANGE	SPLIT	2019-04-08 12:25:14.535811	360183
111	2	20	STATE_CHANGE	READY	2019-04-08 12:25:14.536724	360183
113	2	20	STATE_CHANGE	SPLIT	2019-04-08 12:25:45.90077	360183
114	2	20	STATE_CHANGE	READY	2019-04-08 12:25:45.901905	360183
115	2	21	STATE_CHANGE	SPLIT	2019-04-08 12:25:14.535811	360183
116	2	21	STATE_CHANGE	READY	2019-04-08 12:25:14.536724	360183
118	2	21	STATE_CHANGE	SPLIT	2019-04-08 12:25:46.025551	360183
119	2	21	STATE_CHANGE	READY	2019-04-08 12:25:46.026555	360183
121	2	16	STATE_CHANGE	BADIMAGERY	2019-04-09 03:27:47.072069	2823295
120	2	16	LOCKED_FOR_MAPPING	00:00:03.433979	2019-04-09 03:27:43.64278	2823295
123	2	9	STATE_CHANGE	MAPPED	2019-04-09 03:34:52.996621	360183
122	2	9	LOCKED_FOR_MAPPING	00:02:33.724149	2019-04-09 03:32:19.275216	360183
\.


--
-- Data for Name: task_invalidation_history; Type: TABLE DATA; Schema: public; Owner: -
--

COPY public.task_invalidation_history (id, project_id, task_id, is_closed, mapper_id, mapped_date, invalidator_id, invalidated_date, invalidation_history_id, validator_id, validated_date, updated_date) FROM stdin;
\.


--
-- Data for Name: tasks; Type: TABLE DATA; Schema: public; Owner: -
--

COPY public.tasks (id, project_id, x, y, zoom, geometry, task_status, locked_by, mapped_by, validated_by, is_square, extra_properties) FROM stdin;
1	1	6438	7594	14	0106000020E61000000100000001030000000100000005000000BF2CF1FF1F4543C0E020D5674B0D2AC0BF2CF1FF1F4543C080B07A6455022AC0E82EF1FF4F4243C080B07A6455022AC0E82EF1FF4F4243C0E020D5674B0D2AC0BF2CF1FF1F4543C0E020D5674B0D2AC0	0	\N	\N	\N	t	\N
2	1	6438	7595	14	0106000020E61000000100000001030000000100000005000000BF2CF1FF1F4543C080B07A6455022AC0BF2CF1FF1F4543C0F0EB21235FF729C0E82EF1FF4F4243C0F0EB21235FF729C0E82EF1FF4F4243C080B07A6455022AC0BF2CF1FF1F4543C080B07A6455022AC0	0	\N	\N	\N	t	\N
3	1	6438	7596	14	0106000020E61000000100000001030000000100000005000000BF2CF1FF1F4543C0F0EB21235FF729C0BF2CF1FF1F4543C05023E3A368EC29C0E82EF1FF4F4243C05023E3A368EC29C0E82EF1FF4F4243C0F0EB21235FF729C0BF2CF1FF1F4543C0F0EB21235FF729C0	0	\N	\N	\N	t	\N
4	1	6438	7597	14	0106000020E61000000100000001030000000100000005000000BF2CF1FF1F4543C05023E3A368EC29C0BF2CF1FF1F4543C060A9D6E671E129C0E82EF1FF4F4243C060A9D6E671E129C0E82EF1FF4F4243C05023E3A368EC29C0BF2CF1FF1F4543C05023E3A368EC29C0	0	\N	\N	\N	t	\N
5	1	6438	7598	14	0106000020E61000000100000001030000000100000005000000BF2CF1FF1F4543C060A9D6E671E129C0BF2CF1FF1F4543C0D0D314EC7AD629C0E82EF1FF4F4243C0D0D314EC7AD629C0E82EF1FF4F4243C060A9D6E671E129C0BF2CF1FF1F4543C060A9D6E671E129C0	0	\N	\N	\N	t	\N
6	1	6438	7599	14	0106000020E61000000100000001030000000100000005000000BF2CF1FF1F4543C0D0D314EC7AD629C0BF2CF1FF1F4543C008FBB5B383CB29C0E82EF1FF4F4243C008FBB5B383CB29C0E82EF1FF4F4243C0D0D314EC7AD629C0BF2CF1FF1F4543C0D0D314EC7AD629C0	0	\N	\N	\N	t	\N
7	1	6438	7600	14	0106000020E61000000100000001030000000100000005000000BF2CF1FF1F4543C008FBB5B383CB29C0BF2CF1FF1F4543C0507AD23D8CC029C0E82EF1FF4F4243C0507AD23D8CC029C0E82EF1FF4F4243C008FBB5B383CB29C0BF2CF1FF1F4543C008FBB5B383CB29C0	0	\N	\N	\N	t	\N
8	1	6438	7601	14	0106000020E61000000100000001030000000100000005000000BF2CF1FF1F4543C0507AD23D8CC029C0BF2CF1FF1F4543C0A0AF828A94B529C0E82EF1FF4F4243C0A0AF828A94B529C0E82EF1FF4F4243C0507AD23D8CC029C0BF2CF1FF1F4543C0507AD23D8CC029C0	0	\N	\N	\N	t	\N
9	1	6438	7602	14	0106000020E61000000100000001030000000100000005000000BF2CF1FF1F4543C0A0AF828A94B529C0BF2CF1FF1F4543C0C8FBDE999CAA29C0E82EF1FF4F4243C0C8FBDE999CAA29C0E82EF1FF4F4243C0A0AF828A94B529C0BF2CF1FF1F4543C0A0AF828A94B529C0	0	\N	\N	\N	t	\N
10	1	6438	7603	14	0106000020E61000000100000001030000000100000005000000BF2CF1FF1F4543C0C8FBDE999CAA29C0BF2CF1FF1F4543C070C2FF6BA49F29C0E82EF1FF4F4243C070C2FF6BA49F29C0E82EF1FF4F4243C0C8FBDE999CAA29C0BF2CF1FF1F4543C0C8FBDE999CAA29C0	0	\N	\N	\N	t	\N
11	1	6438	7604	14	0106000020E61000000100000001030000000100000005000000BF2CF1FF1F4543C070C2FF6BA49F29C0BF2CF1FF1F4543C0D869FD00AC9429C0E82EF1FF4F4243C0D869FD00AC9429C0E82EF1FF4F4243C070C2FF6BA49F29C0BF2CF1FF1F4543C070C2FF6BA49F29C0	0	\N	\N	\N	t	\N
12	1	6438	7605	14	0106000020E61000000100000001030000000100000005000000BF2CF1FF1F4543C0D869FD00AC9429C0BF2CF1FF1F4543C0205BF058B38929C0E82EF1FF4F4243C0205BF058B38929C0E82EF1FF4F4243C0D869FD00AC9429C0BF2CF1FF1F4543C0D869FD00AC9429C0	0	\N	\N	\N	t	\N
13	1	6439	7594	14	0106000020E61000000100000001030000000100000005000000E82EF1FF4F4243C0E020D5674B0D2AC0E82EF1FF4F4243C080B07A6455022AC01131F1FF7F3F43C080B07A6455022AC01131F1FF7F3F43C0E020D5674B0D2AC0E82EF1FF4F4243C0E020D5674B0D2AC0	0	\N	\N	\N	t	\N
14	1	6439	7595	14	0106000020E61000000100000001030000000100000005000000E82EF1FF4F4243C080B07A6455022AC0E82EF1FF4F4243C0F0EB21235FF729C01131F1FF7F3F43C0F0EB21235FF729C01131F1FF7F3F43C080B07A6455022AC0E82EF1FF4F4243C080B07A6455022AC0	0	\N	\N	\N	t	\N
15	1	6439	7596	14	0106000020E61000000100000001030000000100000005000000E82EF1FF4F4243C0F0EB21235FF729C0E82EF1FF4F4243C05023E3A368EC29C01131F1FF7F3F43C05023E3A368EC29C01131F1FF7F3F43C0F0EB21235FF729C0E82EF1FF4F4243C0F0EB21235FF729C0	0	\N	\N	\N	t	\N
16	1	6439	7597	14	0106000020E61000000100000001030000000100000005000000E82EF1FF4F4243C05023E3A368EC29C0E82EF1FF4F4243C060A9D6E671E129C01131F1FF7F3F43C060A9D6E671E129C01131F1FF7F3F43C05023E3A368EC29C0E82EF1FF4F4243C05023E3A368EC29C0	0	\N	\N	\N	t	\N
17	1	6439	7598	14	0106000020E61000000100000001030000000100000005000000E82EF1FF4F4243C060A9D6E671E129C0E82EF1FF4F4243C0D0D314EC7AD629C01131F1FF7F3F43C0D0D314EC7AD629C01131F1FF7F3F43C060A9D6E671E129C0E82EF1FF4F4243C060A9D6E671E129C0	0	\N	\N	\N	t	\N
18	1	6439	7599	14	0106000020E61000000100000001030000000100000005000000E82EF1FF4F4243C0D0D314EC7AD629C0E82EF1FF4F4243C008FBB5B383CB29C01131F1FF7F3F43C008FBB5B383CB29C01131F1FF7F3F43C0D0D314EC7AD629C0E82EF1FF4F4243C0D0D314EC7AD629C0	0	\N	\N	\N	t	\N
19	1	6439	7600	14	0106000020E61000000100000001030000000100000005000000E82EF1FF4F4243C008FBB5B383CB29C0E82EF1FF4F4243C0507AD23D8CC029C01131F1FF7F3F43C0507AD23D8CC029C01131F1FF7F3F43C008FBB5B383CB29C0E82EF1FF4F4243C008FBB5B383CB29C0	0	\N	\N	\N	t	\N
20	1	6439	7601	14	0106000020E61000000100000001030000000100000005000000E82EF1FF4F4243C0507AD23D8CC029C0E82EF1FF4F4243C0A0AF828A94B529C01131F1FF7F3F43C0A0AF828A94B529C01131F1FF7F3F43C0507AD23D8CC029C0E82EF1FF4F4243C0507AD23D8CC029C0	0	\N	\N	\N	t	\N
21	1	6439	7602	14	0106000020E61000000100000001030000000100000005000000E82EF1FF4F4243C0A0AF828A94B529C0E82EF1FF4F4243C0C8FBDE999CAA29C01131F1FF7F3F43C0C8FBDE999CAA29C01131F1FF7F3F43C0A0AF828A94B529C0E82EF1FF4F4243C0A0AF828A94B529C0	0	\N	\N	\N	t	\N
22	1	6439	7603	14	0106000020E61000000100000001030000000100000005000000E82EF1FF4F4243C0C8FBDE999CAA29C0E82EF1FF4F4243C070C2FF6BA49F29C01131F1FF7F3F43C070C2FF6BA49F29C01131F1FF7F3F43C0C8FBDE999CAA29C0E82EF1FF4F4243C0C8FBDE999CAA29C0	0	\N	\N	\N	t	\N
23	1	6439	7604	14	0106000020E61000000100000001030000000100000005000000E82EF1FF4F4243C070C2FF6BA49F29C0E82EF1FF4F4243C0D869FD00AC9429C01131F1FF7F3F43C0D869FD00AC9429C01131F1FF7F3F43C070C2FF6BA49F29C0E82EF1FF4F4243C070C2FF6BA49F29C0	0	\N	\N	\N	t	\N
24	1	6439	7605	14	0106000020E61000000100000001030000000100000005000000E82EF1FF4F4243C0D869FD00AC9429C0E82EF1FF4F4243C0205BF058B38929C01131F1FF7F3F43C0205BF058B38929C01131F1FF7F3F43C0D869FD00AC9429C0E82EF1FF4F4243C0D869FD00AC9429C0	0	\N	\N	\N	t	\N
25	1	6440	7594	14	0106000020E610000001000000010300000001000000050000001131F1FF7F3F43C0E020D5674B0D2AC01131F1FF7F3F43C080B07A6455022AC03D33F1FFAF3C43C080B07A6455022AC03D33F1FFAF3C43C0E020D5674B0D2AC01131F1FF7F3F43C0E020D5674B0D2AC0	0	\N	\N	\N	t	\N
26	1	6440	7595	14	0106000020E610000001000000010300000001000000050000001131F1FF7F3F43C080B07A6455022AC01131F1FF7F3F43C0F0EB21235FF729C03D33F1FFAF3C43C0F0EB21235FF729C03D33F1FFAF3C43C080B07A6455022AC01131F1FF7F3F43C080B07A6455022AC0	0	\N	\N	\N	t	\N
27	1	6440	7596	14	0106000020E610000001000000010300000001000000050000001131F1FF7F3F43C0F0EB21235FF729C01131F1FF7F3F43C05023E3A368EC29C03D33F1FFAF3C43C05023E3A368EC29C03D33F1FFAF3C43C0F0EB21235FF729C01131F1FF7F3F43C0F0EB21235FF729C0	0	\N	\N	\N	t	\N
28	1	6440	7597	14	0106000020E610000001000000010300000001000000050000001131F1FF7F3F43C05023E3A368EC29C01131F1FF7F3F43C060A9D6E671E129C03D33F1FFAF3C43C060A9D6E671E129C03D33F1FFAF3C43C05023E3A368EC29C01131F1FF7F3F43C05023E3A368EC29C0	0	\N	\N	\N	t	\N
29	1	6440	7598	14	0106000020E610000001000000010300000001000000050000001131F1FF7F3F43C060A9D6E671E129C01131F1FF7F3F43C0D0D314EC7AD629C03D33F1FFAF3C43C0D0D314EC7AD629C03D33F1FFAF3C43C060A9D6E671E129C01131F1FF7F3F43C060A9D6E671E129C0	0	\N	\N	\N	t	\N
30	1	6440	7599	14	0106000020E610000001000000010300000001000000050000001131F1FF7F3F43C0D0D314EC7AD629C01131F1FF7F3F43C008FBB5B383CB29C03D33F1FFAF3C43C008FBB5B383CB29C03D33F1FFAF3C43C0D0D314EC7AD629C01131F1FF7F3F43C0D0D314EC7AD629C0	0	\N	\N	\N	t	\N
31	1	6440	7600	14	0106000020E610000001000000010300000001000000050000001131F1FF7F3F43C008FBB5B383CB29C01131F1FF7F3F43C0507AD23D8CC029C03D33F1FFAF3C43C0507AD23D8CC029C03D33F1FFAF3C43C008FBB5B383CB29C01131F1FF7F3F43C008FBB5B383CB29C0	0	\N	\N	\N	t	\N
32	1	6440	7601	14	0106000020E610000001000000010300000001000000050000001131F1FF7F3F43C0507AD23D8CC029C01131F1FF7F3F43C0A0AF828A94B529C03D33F1FFAF3C43C0A0AF828A94B529C03D33F1FFAF3C43C0507AD23D8CC029C01131F1FF7F3F43C0507AD23D8CC029C0	0	\N	\N	\N	t	\N
33	1	6440	7602	14	0106000020E610000001000000010300000001000000050000001131F1FF7F3F43C0A0AF828A94B529C01131F1FF7F3F43C0C8FBDE999CAA29C03D33F1FFAF3C43C0C8FBDE999CAA29C03D33F1FFAF3C43C0A0AF828A94B529C01131F1FF7F3F43C0A0AF828A94B529C0	0	\N	\N	\N	t	\N
34	1	6440	7603	14	0106000020E610000001000000010300000001000000050000001131F1FF7F3F43C0C8FBDE999CAA29C01131F1FF7F3F43C070C2FF6BA49F29C03D33F1FFAF3C43C070C2FF6BA49F29C03D33F1FFAF3C43C0C8FBDE999CAA29C01131F1FF7F3F43C0C8FBDE999CAA29C0	0	\N	\N	\N	t	\N
35	1	6440	7604	14	0106000020E610000001000000010300000001000000050000001131F1FF7F3F43C070C2FF6BA49F29C01131F1FF7F3F43C0D869FD00AC9429C03D33F1FFAF3C43C0D869FD00AC9429C03D33F1FFAF3C43C070C2FF6BA49F29C01131F1FF7F3F43C070C2FF6BA49F29C0	0	\N	\N	\N	t	\N
36	1	6440	7605	14	0106000020E610000001000000010300000001000000050000001131F1FF7F3F43C0D869FD00AC9429C01131F1FF7F3F43C0205BF058B38929C03D33F1FFAF3C43C0205BF058B38929C03D33F1FFAF3C43C0D869FD00AC9429C01131F1FF7F3F43C0D869FD00AC9429C0	0	\N	\N	\N	t	\N
37	1	6441	7594	14	0106000020E610000001000000010300000001000000050000003D33F1FFAF3C43C0E020D5674B0D2AC03D33F1FFAF3C43C080B07A6455022AC06735F1FFDF3943C080B07A6455022AC06735F1FFDF3943C0E020D5674B0D2AC03D33F1FFAF3C43C0E020D5674B0D2AC0	0	\N	\N	\N	t	\N
38	1	6441	7595	14	0106000020E610000001000000010300000001000000050000003D33F1FFAF3C43C080B07A6455022AC03D33F1FFAF3C43C0F0EB21235FF729C06735F1FFDF3943C0F0EB21235FF729C06735F1FFDF3943C080B07A6455022AC03D33F1FFAF3C43C080B07A6455022AC0	0	\N	\N	\N	t	\N
39	1	6441	7596	14	0106000020E610000001000000010300000001000000050000003D33F1FFAF3C43C0F0EB21235FF729C03D33F1FFAF3C43C05023E3A368EC29C06735F1FFDF3943C05023E3A368EC29C06735F1FFDF3943C0F0EB21235FF729C03D33F1FFAF3C43C0F0EB21235FF729C0	0	\N	\N	\N	t	\N
40	1	6441	7597	14	0106000020E610000001000000010300000001000000050000003D33F1FFAF3C43C05023E3A368EC29C03D33F1FFAF3C43C060A9D6E671E129C06735F1FFDF3943C060A9D6E671E129C06735F1FFDF3943C05023E3A368EC29C03D33F1FFAF3C43C05023E3A368EC29C0	0	\N	\N	\N	t	\N
41	1	6441	7598	14	0106000020E610000001000000010300000001000000050000003D33F1FFAF3C43C060A9D6E671E129C03D33F1FFAF3C43C0D0D314EC7AD629C06735F1FFDF3943C0D0D314EC7AD629C06735F1FFDF3943C060A9D6E671E129C03D33F1FFAF3C43C060A9D6E671E129C0	0	\N	\N	\N	t	\N
42	1	6441	7599	14	0106000020E610000001000000010300000001000000050000003D33F1FFAF3C43C0D0D314EC7AD629C03D33F1FFAF3C43C008FBB5B383CB29C06735F1FFDF3943C008FBB5B383CB29C06735F1FFDF3943C0D0D314EC7AD629C03D33F1FFAF3C43C0D0D314EC7AD629C0	0	\N	\N	\N	t	\N
43	1	6441	7600	14	0106000020E610000001000000010300000001000000050000003D33F1FFAF3C43C008FBB5B383CB29C03D33F1FFAF3C43C0507AD23D8CC029C06735F1FFDF3943C0507AD23D8CC029C06735F1FFDF3943C008FBB5B383CB29C03D33F1FFAF3C43C008FBB5B383CB29C0	0	\N	\N	\N	t	\N
44	1	6441	7601	14	0106000020E610000001000000010300000001000000050000003D33F1FFAF3C43C0507AD23D8CC029C03D33F1FFAF3C43C0A0AF828A94B529C06735F1FFDF3943C0A0AF828A94B529C06735F1FFDF3943C0507AD23D8CC029C03D33F1FFAF3C43C0507AD23D8CC029C0	0	\N	\N	\N	t	\N
45	1	6441	7602	14	0106000020E610000001000000010300000001000000050000003D33F1FFAF3C43C0A0AF828A94B529C03D33F1FFAF3C43C0C8FBDE999CAA29C06735F1FFDF3943C0C8FBDE999CAA29C06735F1FFDF3943C0A0AF828A94B529C03D33F1FFAF3C43C0A0AF828A94B529C0	0	\N	\N	\N	t	\N
46	1	6441	7603	14	0106000020E610000001000000010300000001000000050000003D33F1FFAF3C43C0C8FBDE999CAA29C03D33F1FFAF3C43C070C2FF6BA49F29C06735F1FFDF3943C070C2FF6BA49F29C06735F1FFDF3943C0C8FBDE999CAA29C03D33F1FFAF3C43C0C8FBDE999CAA29C0	0	\N	\N	\N	t	\N
47	1	6441	7604	14	0106000020E610000001000000010300000001000000050000003D33F1FFAF3C43C070C2FF6BA49F29C03D33F1FFAF3C43C0D869FD00AC9429C06735F1FFDF3943C0D869FD00AC9429C06735F1FFDF3943C070C2FF6BA49F29C03D33F1FFAF3C43C070C2FF6BA49F29C0	0	\N	\N	\N	t	\N
48	1	6441	7605	14	0106000020E610000001000000010300000001000000050000003D33F1FFAF3C43C0D869FD00AC9429C03D33F1FFAF3C43C0205BF058B38929C06735F1FFDF3943C0205BF058B38929C06735F1FFDF3943C0D869FD00AC9429C03D33F1FFAF3C43C0D869FD00AC9429C0	0	\N	\N	\N	t	\N
49	1	6442	7594	14	0106000020E610000001000000010300000001000000050000006735F1FFDF3943C0E020D5674B0D2AC06735F1FFDF3943C080B07A6455022AC09037F1FF0F3743C080B07A6455022AC09037F1FF0F3743C0E020D5674B0D2AC06735F1FFDF3943C0E020D5674B0D2AC0	0	\N	\N	\N	t	\N
50	1	6442	7595	14	0106000020E610000001000000010300000001000000050000006735F1FFDF3943C080B07A6455022AC06735F1FFDF3943C0F0EB21235FF729C09037F1FF0F3743C0F0EB21235FF729C09037F1FF0F3743C080B07A6455022AC06735F1FFDF3943C080B07A6455022AC0	0	\N	\N	\N	t	\N
51	1	6442	7596	14	0106000020E610000001000000010300000001000000050000006735F1FFDF3943C0F0EB21235FF729C06735F1FFDF3943C05023E3A368EC29C09037F1FF0F3743C05023E3A368EC29C09037F1FF0F3743C0F0EB21235FF729C06735F1FFDF3943C0F0EB21235FF729C0	0	\N	\N	\N	t	\N
52	1	6442	7597	14	0106000020E610000001000000010300000001000000050000006735F1FFDF3943C05023E3A368EC29C06735F1FFDF3943C060A9D6E671E129C09037F1FF0F3743C060A9D6E671E129C09037F1FF0F3743C05023E3A368EC29C06735F1FFDF3943C05023E3A368EC29C0	0	\N	\N	\N	t	\N
53	1	6442	7598	14	0106000020E610000001000000010300000001000000050000006735F1FFDF3943C060A9D6E671E129C06735F1FFDF3943C0D0D314EC7AD629C09037F1FF0F3743C0D0D314EC7AD629C09037F1FF0F3743C060A9D6E671E129C06735F1FFDF3943C060A9D6E671E129C0	0	\N	\N	\N	t	\N
54	1	6442	7599	14	0106000020E610000001000000010300000001000000050000006735F1FFDF3943C0D0D314EC7AD629C06735F1FFDF3943C008FBB5B383CB29C09037F1FF0F3743C008FBB5B383CB29C09037F1FF0F3743C0D0D314EC7AD629C06735F1FFDF3943C0D0D314EC7AD629C0	0	\N	\N	\N	t	\N
55	1	6442	7600	14	0106000020E610000001000000010300000001000000050000006735F1FFDF3943C008FBB5B383CB29C06735F1FFDF3943C0507AD23D8CC029C09037F1FF0F3743C0507AD23D8CC029C09037F1FF0F3743C008FBB5B383CB29C06735F1FFDF3943C008FBB5B383CB29C0	0	\N	\N	\N	t	\N
56	1	6442	7601	14	0106000020E610000001000000010300000001000000050000006735F1FFDF3943C0507AD23D8CC029C06735F1FFDF3943C0A0AF828A94B529C09037F1FF0F3743C0A0AF828A94B529C09037F1FF0F3743C0507AD23D8CC029C06735F1FFDF3943C0507AD23D8CC029C0	0	\N	\N	\N	t	\N
57	1	6442	7602	14	0106000020E610000001000000010300000001000000050000006735F1FFDF3943C0A0AF828A94B529C06735F1FFDF3943C0C8FBDE999CAA29C09037F1FF0F3743C0C8FBDE999CAA29C09037F1FF0F3743C0A0AF828A94B529C06735F1FFDF3943C0A0AF828A94B529C0	0	\N	\N	\N	t	\N
58	1	6442	7603	14	0106000020E610000001000000010300000001000000050000006735F1FFDF3943C0C8FBDE999CAA29C06735F1FFDF3943C070C2FF6BA49F29C09037F1FF0F3743C070C2FF6BA49F29C09037F1FF0F3743C0C8FBDE999CAA29C06735F1FFDF3943C0C8FBDE999CAA29C0	0	\N	\N	\N	t	\N
59	1	6442	7604	14	0106000020E610000001000000010300000001000000050000006735F1FFDF3943C070C2FF6BA49F29C06735F1FFDF3943C0D869FD00AC9429C09037F1FF0F3743C0D869FD00AC9429C09037F1FF0F3743C070C2FF6BA49F29C06735F1FFDF3943C070C2FF6BA49F29C0	0	\N	\N	\N	t	\N
60	1	6442	7605	14	0106000020E610000001000000010300000001000000050000006735F1FFDF3943C0D869FD00AC9429C06735F1FFDF3943C0205BF058B38929C09037F1FF0F3743C0205BF058B38929C09037F1FF0F3743C0D869FD00AC9429C06735F1FFDF3943C0D869FD00AC9429C0	0	\N	\N	\N	t	\N
61	1	6443	7594	14	0106000020E610000001000000010300000001000000050000009037F1FF0F3743C0E020D5674B0D2AC09037F1FF0F3743C080B07A6455022AC0B939F1FF3F3443C080B07A6455022AC0B939F1FF3F3443C0E020D5674B0D2AC09037F1FF0F3743C0E020D5674B0D2AC0	0	\N	\N	\N	t	\N
62	1	6443	7595	14	0106000020E610000001000000010300000001000000050000009037F1FF0F3743C080B07A6455022AC09037F1FF0F3743C0F0EB21235FF729C0B939F1FF3F3443C0F0EB21235FF729C0B939F1FF3F3443C080B07A6455022AC09037F1FF0F3743C080B07A6455022AC0	0	\N	\N	\N	t	\N
63	1	6443	7596	14	0106000020E610000001000000010300000001000000050000009037F1FF0F3743C0F0EB21235FF729C09037F1FF0F3743C05023E3A368EC29C0B939F1FF3F3443C05023E3A368EC29C0B939F1FF3F3443C0F0EB21235FF729C09037F1FF0F3743C0F0EB21235FF729C0	0	\N	\N	\N	t	\N
64	1	6443	7597	14	0106000020E610000001000000010300000001000000050000009037F1FF0F3743C05023E3A368EC29C09037F1FF0F3743C060A9D6E671E129C0B939F1FF3F3443C060A9D6E671E129C0B939F1FF3F3443C05023E3A368EC29C09037F1FF0F3743C05023E3A368EC29C0	0	\N	\N	\N	t	\N
65	1	6443	7598	14	0106000020E610000001000000010300000001000000050000009037F1FF0F3743C060A9D6E671E129C09037F1FF0F3743C0D0D314EC7AD629C0B939F1FF3F3443C0D0D314EC7AD629C0B939F1FF3F3443C060A9D6E671E129C09037F1FF0F3743C060A9D6E671E129C0	0	\N	\N	\N	t	\N
66	1	6443	7599	14	0106000020E610000001000000010300000001000000050000009037F1FF0F3743C0D0D314EC7AD629C09037F1FF0F3743C008FBB5B383CB29C0B939F1FF3F3443C008FBB5B383CB29C0B939F1FF3F3443C0D0D314EC7AD629C09037F1FF0F3743C0D0D314EC7AD629C0	0	\N	\N	\N	t	\N
67	1	6443	7600	14	0106000020E610000001000000010300000001000000050000009037F1FF0F3743C008FBB5B383CB29C09037F1FF0F3743C0507AD23D8CC029C0B939F1FF3F3443C0507AD23D8CC029C0B939F1FF3F3443C008FBB5B383CB29C09037F1FF0F3743C008FBB5B383CB29C0	0	\N	\N	\N	t	\N
68	1	6443	7601	14	0106000020E610000001000000010300000001000000050000009037F1FF0F3743C0507AD23D8CC029C09037F1FF0F3743C0A0AF828A94B529C0B939F1FF3F3443C0A0AF828A94B529C0B939F1FF3F3443C0507AD23D8CC029C09037F1FF0F3743C0507AD23D8CC029C0	0	\N	\N	\N	t	\N
69	1	6443	7602	14	0106000020E610000001000000010300000001000000050000009037F1FF0F3743C0A0AF828A94B529C09037F1FF0F3743C0C8FBDE999CAA29C0B939F1FF3F3443C0C8FBDE999CAA29C0B939F1FF3F3443C0A0AF828A94B529C09037F1FF0F3743C0A0AF828A94B529C0	0	\N	\N	\N	t	\N
70	1	6443	7603	14	0106000020E610000001000000010300000001000000050000009037F1FF0F3743C0C8FBDE999CAA29C09037F1FF0F3743C070C2FF6BA49F29C0B939F1FF3F3443C070C2FF6BA49F29C0B939F1FF3F3443C0C8FBDE999CAA29C09037F1FF0F3743C0C8FBDE999CAA29C0	0	\N	\N	\N	t	\N
71	1	6443	7604	14	0106000020E610000001000000010300000001000000050000009037F1FF0F3743C070C2FF6BA49F29C09037F1FF0F3743C0D869FD00AC9429C0B939F1FF3F3443C0D869FD00AC9429C0B939F1FF3F3443C070C2FF6BA49F29C09037F1FF0F3743C070C2FF6BA49F29C0	0	\N	\N	\N	t	\N
72	1	6443	7605	14	0106000020E610000001000000010300000001000000050000009037F1FF0F3743C0D869FD00AC9429C09037F1FF0F3743C0205BF058B38929C0B939F1FF3F3443C0205BF058B38929C0B939F1FF3F3443C0D869FD00AC9429C09037F1FF0F3743C0D869FD00AC9429C0	0	\N	\N	\N	t	\N
73	1	6444	7594	14	0106000020E61000000100000001030000000100000005000000B939F1FF3F3443C0E020D5674B0D2AC0B939F1FF3F3443C080B07A6455022AC0E43BF1FF6F3143C080B07A6455022AC0E43BF1FF6F3143C0E020D5674B0D2AC0B939F1FF3F3443C0E020D5674B0D2AC0	0	\N	\N	\N	t	\N
74	1	6444	7595	14	0106000020E61000000100000001030000000100000005000000B939F1FF3F3443C080B07A6455022AC0B939F1FF3F3443C0F0EB21235FF729C0E43BF1FF6F3143C0F0EB21235FF729C0E43BF1FF6F3143C080B07A6455022AC0B939F1FF3F3443C080B07A6455022AC0	0	\N	\N	\N	t	\N
75	1	6444	7596	14	0106000020E61000000100000001030000000100000005000000B939F1FF3F3443C0F0EB21235FF729C0B939F1FF3F3443C05023E3A368EC29C0E43BF1FF6F3143C05023E3A368EC29C0E43BF1FF6F3143C0F0EB21235FF729C0B939F1FF3F3443C0F0EB21235FF729C0	0	\N	\N	\N	t	\N
76	1	6444	7597	14	0106000020E61000000100000001030000000100000005000000B939F1FF3F3443C05023E3A368EC29C0B939F1FF3F3443C060A9D6E671E129C0E43BF1FF6F3143C060A9D6E671E129C0E43BF1FF6F3143C05023E3A368EC29C0B939F1FF3F3443C05023E3A368EC29C0	0	\N	\N	\N	t	\N
77	1	6444	7598	14	0106000020E61000000100000001030000000100000005000000B939F1FF3F3443C060A9D6E671E129C0B939F1FF3F3443C0D0D314EC7AD629C0E43BF1FF6F3143C0D0D314EC7AD629C0E43BF1FF6F3143C060A9D6E671E129C0B939F1FF3F3443C060A9D6E671E129C0	0	\N	\N	\N	t	\N
78	1	6444	7599	14	0106000020E61000000100000001030000000100000005000000B939F1FF3F3443C0D0D314EC7AD629C0B939F1FF3F3443C008FBB5B383CB29C0E43BF1FF6F3143C008FBB5B383CB29C0E43BF1FF6F3143C0D0D314EC7AD629C0B939F1FF3F3443C0D0D314EC7AD629C0	0	\N	\N	\N	t	\N
79	1	6444	7600	14	0106000020E61000000100000001030000000100000005000000B939F1FF3F3443C008FBB5B383CB29C0B939F1FF3F3443C0507AD23D8CC029C0E43BF1FF6F3143C0507AD23D8CC029C0E43BF1FF6F3143C008FBB5B383CB29C0B939F1FF3F3443C008FBB5B383CB29C0	0	\N	\N	\N	t	\N
80	1	6444	7601	14	0106000020E61000000100000001030000000100000005000000B939F1FF3F3443C0507AD23D8CC029C0B939F1FF3F3443C0A0AF828A94B529C0E43BF1FF6F3143C0A0AF828A94B529C0E43BF1FF6F3143C0507AD23D8CC029C0B939F1FF3F3443C0507AD23D8CC029C0	0	\N	\N	\N	t	\N
81	1	6444	7602	14	0106000020E61000000100000001030000000100000005000000B939F1FF3F3443C0A0AF828A94B529C0B939F1FF3F3443C0C8FBDE999CAA29C0E43BF1FF6F3143C0C8FBDE999CAA29C0E43BF1FF6F3143C0A0AF828A94B529C0B939F1FF3F3443C0A0AF828A94B529C0	0	\N	\N	\N	t	\N
82	1	6444	7603	14	0106000020E61000000100000001030000000100000005000000B939F1FF3F3443C0C8FBDE999CAA29C0B939F1FF3F3443C070C2FF6BA49F29C0E43BF1FF6F3143C070C2FF6BA49F29C0E43BF1FF6F3143C0C8FBDE999CAA29C0B939F1FF3F3443C0C8FBDE999CAA29C0	0	\N	\N	\N	t	\N
84	1	6444	7605	14	0106000020E61000000100000001030000000100000005000000B939F1FF3F3443C0D869FD00AC9429C0B939F1FF3F3443C0205BF058B38929C0E43BF1FF6F3143C0205BF058B38929C0E43BF1FF6F3143C0D869FD00AC9429C0B939F1FF3F3443C0D869FD00AC9429C0	0	\N	\N	\N	t	\N
85	1	6445	7594	14	0106000020E61000000100000001030000000100000005000000E43BF1FF6F3143C0E020D5674B0D2AC0E43BF1FF6F3143C080B07A6455022AC00D3EF1FF9F2E43C080B07A6455022AC00D3EF1FF9F2E43C0E020D5674B0D2AC0E43BF1FF6F3143C0E020D5674B0D2AC0	0	\N	\N	\N	t	\N
86	1	6445	7595	14	0106000020E61000000100000001030000000100000005000000E43BF1FF6F3143C080B07A6455022AC0E43BF1FF6F3143C0F0EB21235FF729C00D3EF1FF9F2E43C0F0EB21235FF729C00D3EF1FF9F2E43C080B07A6455022AC0E43BF1FF6F3143C080B07A6455022AC0	0	\N	\N	\N	t	\N
87	1	6445	7596	14	0106000020E61000000100000001030000000100000005000000E43BF1FF6F3143C0F0EB21235FF729C0E43BF1FF6F3143C05023E3A368EC29C00D3EF1FF9F2E43C05023E3A368EC29C00D3EF1FF9F2E43C0F0EB21235FF729C0E43BF1FF6F3143C0F0EB21235FF729C0	0	\N	\N	\N	t	\N
88	1	6445	7597	14	0106000020E61000000100000001030000000100000005000000E43BF1FF6F3143C05023E3A368EC29C0E43BF1FF6F3143C060A9D6E671E129C00D3EF1FF9F2E43C060A9D6E671E129C00D3EF1FF9F2E43C05023E3A368EC29C0E43BF1FF6F3143C05023E3A368EC29C0	0	\N	\N	\N	t	\N
89	1	6445	7598	14	0106000020E61000000100000001030000000100000005000000E43BF1FF6F3143C060A9D6E671E129C0E43BF1FF6F3143C0D0D314EC7AD629C00D3EF1FF9F2E43C0D0D314EC7AD629C00D3EF1FF9F2E43C060A9D6E671E129C0E43BF1FF6F3143C060A9D6E671E129C0	0	\N	\N	\N	t	\N
90	1	6445	7599	14	0106000020E61000000100000001030000000100000005000000E43BF1FF6F3143C0D0D314EC7AD629C0E43BF1FF6F3143C008FBB5B383CB29C00D3EF1FF9F2E43C008FBB5B383CB29C00D3EF1FF9F2E43C0D0D314EC7AD629C0E43BF1FF6F3143C0D0D314EC7AD629C0	0	\N	\N	\N	t	\N
91	1	6445	7600	14	0106000020E61000000100000001030000000100000005000000E43BF1FF6F3143C008FBB5B383CB29C0E43BF1FF6F3143C0507AD23D8CC029C00D3EF1FF9F2E43C0507AD23D8CC029C00D3EF1FF9F2E43C008FBB5B383CB29C0E43BF1FF6F3143C008FBB5B383CB29C0	0	\N	\N	\N	t	\N
92	1	6445	7601	14	0106000020E61000000100000001030000000100000005000000E43BF1FF6F3143C0507AD23D8CC029C0E43BF1FF6F3143C0A0AF828A94B529C00D3EF1FF9F2E43C0A0AF828A94B529C00D3EF1FF9F2E43C0507AD23D8CC029C0E43BF1FF6F3143C0507AD23D8CC029C0	0	\N	\N	\N	t	\N
93	1	6445	7602	14	0106000020E61000000100000001030000000100000005000000E43BF1FF6F3143C0A0AF828A94B529C0E43BF1FF6F3143C0C8FBDE999CAA29C00D3EF1FF9F2E43C0C8FBDE999CAA29C00D3EF1FF9F2E43C0A0AF828A94B529C0E43BF1FF6F3143C0A0AF828A94B529C0	0	\N	\N	\N	t	\N
94	1	6445	7603	14	0106000020E61000000100000001030000000100000005000000E43BF1FF6F3143C0C8FBDE999CAA29C0E43BF1FF6F3143C070C2FF6BA49F29C00D3EF1FF9F2E43C070C2FF6BA49F29C00D3EF1FF9F2E43C0C8FBDE999CAA29C0E43BF1FF6F3143C0C8FBDE999CAA29C0	0	\N	\N	\N	t	\N
95	1	6445	7604	14	0106000020E61000000100000001030000000100000005000000E43BF1FF6F3143C070C2FF6BA49F29C0E43BF1FF6F3143C0D869FD00AC9429C00D3EF1FF9F2E43C0D869FD00AC9429C00D3EF1FF9F2E43C070C2FF6BA49F29C0E43BF1FF6F3143C070C2FF6BA49F29C0	0	\N	\N	\N	t	\N
96	1	6445	7605	14	0106000020E61000000100000001030000000100000005000000E43BF1FF6F3143C0D869FD00AC9429C0E43BF1FF6F3143C0205BF058B38929C00D3EF1FF9F2E43C0205BF058B38929C00D3EF1FF9F2E43C0D869FD00AC9429C0E43BF1FF6F3143C0D869FD00AC9429C0	0	\N	\N	\N	t	\N
97	1	6446	7594	14	0106000020E610000001000000010300000001000000050000000D3EF1FF9F2E43C0E020D5674B0D2AC00D3EF1FF9F2E43C080B07A6455022AC03940F1FFCF2B43C080B07A6455022AC03940F1FFCF2B43C0E020D5674B0D2AC00D3EF1FF9F2E43C0E020D5674B0D2AC0	0	\N	\N	\N	t	\N
98	1	6446	7595	14	0106000020E610000001000000010300000001000000050000000D3EF1FF9F2E43C080B07A6455022AC00D3EF1FF9F2E43C0F0EB21235FF729C03940F1FFCF2B43C0F0EB21235FF729C03940F1FFCF2B43C080B07A6455022AC00D3EF1FF9F2E43C080B07A6455022AC0	0	\N	\N	\N	t	\N
99	1	6446	7596	14	0106000020E610000001000000010300000001000000050000000D3EF1FF9F2E43C0F0EB21235FF729C00D3EF1FF9F2E43C05023E3A368EC29C03940F1FFCF2B43C05023E3A368EC29C03940F1FFCF2B43C0F0EB21235FF729C00D3EF1FF9F2E43C0F0EB21235FF729C0	0	\N	\N	\N	t	\N
100	1	6446	7597	14	0106000020E610000001000000010300000001000000050000000D3EF1FF9F2E43C05023E3A368EC29C00D3EF1FF9F2E43C060A9D6E671E129C03940F1FFCF2B43C060A9D6E671E129C03940F1FFCF2B43C05023E3A368EC29C00D3EF1FF9F2E43C05023E3A368EC29C0	0	\N	\N	\N	t	\N
101	1	6446	7598	14	0106000020E610000001000000010300000001000000050000000D3EF1FF9F2E43C060A9D6E671E129C00D3EF1FF9F2E43C0D0D314EC7AD629C03940F1FFCF2B43C0D0D314EC7AD629C03940F1FFCF2B43C060A9D6E671E129C00D3EF1FF9F2E43C060A9D6E671E129C0	0	\N	\N	\N	t	\N
102	1	6446	7599	14	0106000020E610000001000000010300000001000000050000000D3EF1FF9F2E43C0D0D314EC7AD629C00D3EF1FF9F2E43C008FBB5B383CB29C03940F1FFCF2B43C008FBB5B383CB29C03940F1FFCF2B43C0D0D314EC7AD629C00D3EF1FF9F2E43C0D0D314EC7AD629C0	0	\N	\N	\N	t	\N
103	1	6446	7600	14	0106000020E610000001000000010300000001000000050000000D3EF1FF9F2E43C008FBB5B383CB29C00D3EF1FF9F2E43C0507AD23D8CC029C03940F1FFCF2B43C0507AD23D8CC029C03940F1FFCF2B43C008FBB5B383CB29C00D3EF1FF9F2E43C008FBB5B383CB29C0	0	\N	\N	\N	t	\N
104	1	6446	7601	14	0106000020E610000001000000010300000001000000050000000D3EF1FF9F2E43C0507AD23D8CC029C00D3EF1FF9F2E43C0A0AF828A94B529C03940F1FFCF2B43C0A0AF828A94B529C03940F1FFCF2B43C0507AD23D8CC029C00D3EF1FF9F2E43C0507AD23D8CC029C0	0	\N	\N	\N	t	\N
105	1	6446	7602	14	0106000020E610000001000000010300000001000000050000000D3EF1FF9F2E43C0A0AF828A94B529C00D3EF1FF9F2E43C0C8FBDE999CAA29C03940F1FFCF2B43C0C8FBDE999CAA29C03940F1FFCF2B43C0A0AF828A94B529C00D3EF1FF9F2E43C0A0AF828A94B529C0	0	\N	\N	\N	t	\N
106	1	6446	7603	14	0106000020E610000001000000010300000001000000050000000D3EF1FF9F2E43C0C8FBDE999CAA29C00D3EF1FF9F2E43C070C2FF6BA49F29C03940F1FFCF2B43C070C2FF6BA49F29C03940F1FFCF2B43C0C8FBDE999CAA29C00D3EF1FF9F2E43C0C8FBDE999CAA29C0	0	\N	\N	\N	t	\N
107	1	6446	7604	14	0106000020E610000001000000010300000001000000050000000D3EF1FF9F2E43C070C2FF6BA49F29C00D3EF1FF9F2E43C0D869FD00AC9429C03940F1FFCF2B43C0D869FD00AC9429C03940F1FFCF2B43C070C2FF6BA49F29C00D3EF1FF9F2E43C070C2FF6BA49F29C0	0	\N	\N	\N	t	\N
108	1	6446	7605	14	0106000020E610000001000000010300000001000000050000000D3EF1FF9F2E43C0D869FD00AC9429C00D3EF1FF9F2E43C0205BF058B38929C03940F1FFCF2B43C0205BF058B38929C03940F1FFCF2B43C0D869FD00AC9429C00D3EF1FF9F2E43C0D869FD00AC9429C0	0	\N	\N	\N	t	\N
109	1	6447	7594	14	0106000020E610000001000000010300000001000000050000003940F1FFCF2B43C0E020D5674B0D2AC03940F1FFCF2B43C080B07A6455022AC06242F1FFFF2843C080B07A6455022AC06242F1FFFF2843C0E020D5674B0D2AC03940F1FFCF2B43C0E020D5674B0D2AC0	0	\N	\N	\N	t	\N
110	1	6447	7595	14	0106000020E610000001000000010300000001000000050000003940F1FFCF2B43C080B07A6455022AC03940F1FFCF2B43C0F0EB21235FF729C06242F1FFFF2843C0F0EB21235FF729C06242F1FFFF2843C080B07A6455022AC03940F1FFCF2B43C080B07A6455022AC0	0	\N	\N	\N	t	\N
111	1	6447	7596	14	0106000020E610000001000000010300000001000000050000003940F1FFCF2B43C0F0EB21235FF729C03940F1FFCF2B43C05023E3A368EC29C06242F1FFFF2843C05023E3A368EC29C06242F1FFFF2843C0F0EB21235FF729C03940F1FFCF2B43C0F0EB21235FF729C0	0	\N	\N	\N	t	\N
112	1	6447	7597	14	0106000020E610000001000000010300000001000000050000003940F1FFCF2B43C05023E3A368EC29C03940F1FFCF2B43C060A9D6E671E129C06242F1FFFF2843C060A9D6E671E129C06242F1FFFF2843C05023E3A368EC29C03940F1FFCF2B43C05023E3A368EC29C0	0	\N	\N	\N	t	\N
113	1	6447	7598	14	0106000020E610000001000000010300000001000000050000003940F1FFCF2B43C060A9D6E671E129C03940F1FFCF2B43C0D0D314EC7AD629C06242F1FFFF2843C0D0D314EC7AD629C06242F1FFFF2843C060A9D6E671E129C03940F1FFCF2B43C060A9D6E671E129C0	0	\N	\N	\N	t	\N
114	1	6447	7599	14	0106000020E610000001000000010300000001000000050000003940F1FFCF2B43C0D0D314EC7AD629C03940F1FFCF2B43C008FBB5B383CB29C06242F1FFFF2843C008FBB5B383CB29C06242F1FFFF2843C0D0D314EC7AD629C03940F1FFCF2B43C0D0D314EC7AD629C0	0	\N	\N	\N	t	\N
115	1	6447	7600	14	0106000020E610000001000000010300000001000000050000003940F1FFCF2B43C008FBB5B383CB29C03940F1FFCF2B43C0507AD23D8CC029C06242F1FFFF2843C0507AD23D8CC029C06242F1FFFF2843C008FBB5B383CB29C03940F1FFCF2B43C008FBB5B383CB29C0	0	\N	\N	\N	t	\N
116	1	6447	7601	14	0106000020E610000001000000010300000001000000050000003940F1FFCF2B43C0507AD23D8CC029C03940F1FFCF2B43C0A0AF828A94B529C06242F1FFFF2843C0A0AF828A94B529C06242F1FFFF2843C0507AD23D8CC029C03940F1FFCF2B43C0507AD23D8CC029C0	0	\N	\N	\N	t	\N
117	1	6447	7602	14	0106000020E610000001000000010300000001000000050000003940F1FFCF2B43C0A0AF828A94B529C03940F1FFCF2B43C0C8FBDE999CAA29C06242F1FFFF2843C0C8FBDE999CAA29C06242F1FFFF2843C0A0AF828A94B529C03940F1FFCF2B43C0A0AF828A94B529C0	0	\N	\N	\N	t	\N
118	1	6447	7603	14	0106000020E610000001000000010300000001000000050000003940F1FFCF2B43C0C8FBDE999CAA29C03940F1FFCF2B43C070C2FF6BA49F29C06242F1FFFF2843C070C2FF6BA49F29C06242F1FFFF2843C0C8FBDE999CAA29C03940F1FFCF2B43C0C8FBDE999CAA29C0	0	\N	\N	\N	t	\N
119	1	6447	7604	14	0106000020E610000001000000010300000001000000050000003940F1FFCF2B43C070C2FF6BA49F29C03940F1FFCF2B43C0D869FD00AC9429C06242F1FFFF2843C0D869FD00AC9429C06242F1FFFF2843C070C2FF6BA49F29C03940F1FFCF2B43C070C2FF6BA49F29C0	0	\N	\N	\N	t	\N
120	1	6447	7605	14	0106000020E610000001000000010300000001000000050000003940F1FFCF2B43C0D869FD00AC9429C03940F1FFCF2B43C0205BF058B38929C06242F1FFFF2843C0205BF058B38929C06242F1FFFF2843C0D869FD00AC9429C03940F1FFCF2B43C0D869FD00AC9429C0	0	\N	\N	\N	t	\N
121	1	6448	7594	14	0106000020E610000001000000010300000001000000050000006242F1FFFF2843C0E020D5674B0D2AC06242F1FFFF2843C080B07A6455022AC08C44F1FF2F2643C080B07A6455022AC08C44F1FF2F2643C0E020D5674B0D2AC06242F1FFFF2843C0E020D5674B0D2AC0	0	\N	\N	\N	t	\N
122	1	6448	7595	14	0106000020E610000001000000010300000001000000050000006242F1FFFF2843C080B07A6455022AC06242F1FFFF2843C0F0EB21235FF729C08C44F1FF2F2643C0F0EB21235FF729C08C44F1FF2F2643C080B07A6455022AC06242F1FFFF2843C080B07A6455022AC0	0	\N	\N	\N	t	\N
123	1	6448	7596	14	0106000020E610000001000000010300000001000000050000006242F1FFFF2843C0F0EB21235FF729C06242F1FFFF2843C05023E3A368EC29C08C44F1FF2F2643C05023E3A368EC29C08C44F1FF2F2643C0F0EB21235FF729C06242F1FFFF2843C0F0EB21235FF729C0	0	\N	\N	\N	t	\N
124	1	6448	7597	14	0106000020E610000001000000010300000001000000050000006242F1FFFF2843C05023E3A368EC29C06242F1FFFF2843C060A9D6E671E129C08C44F1FF2F2643C060A9D6E671E129C08C44F1FF2F2643C05023E3A368EC29C06242F1FFFF2843C05023E3A368EC29C0	0	\N	\N	\N	t	\N
125	1	6448	7598	14	0106000020E610000001000000010300000001000000050000006242F1FFFF2843C060A9D6E671E129C06242F1FFFF2843C0D0D314EC7AD629C08C44F1FF2F2643C0D0D314EC7AD629C08C44F1FF2F2643C060A9D6E671E129C06242F1FFFF2843C060A9D6E671E129C0	0	\N	\N	\N	t	\N
126	1	6448	7599	14	0106000020E610000001000000010300000001000000050000006242F1FFFF2843C0D0D314EC7AD629C06242F1FFFF2843C008FBB5B383CB29C08C44F1FF2F2643C008FBB5B383CB29C08C44F1FF2F2643C0D0D314EC7AD629C06242F1FFFF2843C0D0D314EC7AD629C0	0	\N	\N	\N	t	\N
127	1	6448	7600	14	0106000020E610000001000000010300000001000000050000006242F1FFFF2843C008FBB5B383CB29C06242F1FFFF2843C0507AD23D8CC029C08C44F1FF2F2643C0507AD23D8CC029C08C44F1FF2F2643C008FBB5B383CB29C06242F1FFFF2843C008FBB5B383CB29C0	0	\N	\N	\N	t	\N
128	1	6448	7601	14	0106000020E610000001000000010300000001000000050000006242F1FFFF2843C0507AD23D8CC029C06242F1FFFF2843C0A0AF828A94B529C08C44F1FF2F2643C0A0AF828A94B529C08C44F1FF2F2643C0507AD23D8CC029C06242F1FFFF2843C0507AD23D8CC029C0	0	\N	\N	\N	t	\N
130	1	6448	7603	14	0106000020E610000001000000010300000001000000050000006242F1FFFF2843C0C8FBDE999CAA29C06242F1FFFF2843C070C2FF6BA49F29C08C44F1FF2F2643C070C2FF6BA49F29C08C44F1FF2F2643C0C8FBDE999CAA29C06242F1FFFF2843C0C8FBDE999CAA29C0	0	\N	\N	\N	t	\N
131	1	6448	7604	14	0106000020E610000001000000010300000001000000050000006242F1FFFF2843C070C2FF6BA49F29C06242F1FFFF2843C0D869FD00AC9429C08C44F1FF2F2643C0D869FD00AC9429C08C44F1FF2F2643C070C2FF6BA49F29C06242F1FFFF2843C070C2FF6BA49F29C0	0	\N	\N	\N	t	\N
132	1	6448	7605	14	0106000020E610000001000000010300000001000000050000006242F1FFFF2843C0D869FD00AC9429C06242F1FFFF2843C0205BF058B38929C08C44F1FF2F2643C0205BF058B38929C08C44F1FF2F2643C0D869FD00AC9429C06242F1FFFF2843C0D869FD00AC9429C0	0	\N	\N	\N	t	\N
133	1	6449	7594	14	0106000020E610000001000000010300000001000000050000008C44F1FF2F2643C0E020D5674B0D2AC08C44F1FF2F2643C080B07A6455022AC0B546F1FF5F2343C080B07A6455022AC0B546F1FF5F2343C0E020D5674B0D2AC08C44F1FF2F2643C0E020D5674B0D2AC0	0	\N	\N	\N	t	\N
134	1	6449	7595	14	0106000020E610000001000000010300000001000000050000008C44F1FF2F2643C080B07A6455022AC08C44F1FF2F2643C0F0EB21235FF729C0B546F1FF5F2343C0F0EB21235FF729C0B546F1FF5F2343C080B07A6455022AC08C44F1FF2F2643C080B07A6455022AC0	0	\N	\N	\N	t	\N
135	1	6449	7596	14	0106000020E610000001000000010300000001000000050000008C44F1FF2F2643C0F0EB21235FF729C08C44F1FF2F2643C05023E3A368EC29C0B546F1FF5F2343C05023E3A368EC29C0B546F1FF5F2343C0F0EB21235FF729C08C44F1FF2F2643C0F0EB21235FF729C0	0	\N	\N	\N	t	\N
136	1	6449	7597	14	0106000020E610000001000000010300000001000000050000008C44F1FF2F2643C05023E3A368EC29C08C44F1FF2F2643C060A9D6E671E129C0B546F1FF5F2343C060A9D6E671E129C0B546F1FF5F2343C05023E3A368EC29C08C44F1FF2F2643C05023E3A368EC29C0	0	\N	\N	\N	t	\N
137	1	6449	7598	14	0106000020E610000001000000010300000001000000050000008C44F1FF2F2643C060A9D6E671E129C08C44F1FF2F2643C0D0D314EC7AD629C0B546F1FF5F2343C0D0D314EC7AD629C0B546F1FF5F2343C060A9D6E671E129C08C44F1FF2F2643C060A9D6E671E129C0	0	\N	\N	\N	t	\N
138	1	6449	7599	14	0106000020E610000001000000010300000001000000050000008C44F1FF2F2643C0D0D314EC7AD629C08C44F1FF2F2643C008FBB5B383CB29C0B546F1FF5F2343C008FBB5B383CB29C0B546F1FF5F2343C0D0D314EC7AD629C08C44F1FF2F2643C0D0D314EC7AD629C0	0	\N	\N	\N	t	\N
139	1	6449	7600	14	0106000020E610000001000000010300000001000000050000008C44F1FF2F2643C008FBB5B383CB29C08C44F1FF2F2643C0507AD23D8CC029C0B546F1FF5F2343C0507AD23D8CC029C0B546F1FF5F2343C008FBB5B383CB29C08C44F1FF2F2643C008FBB5B383CB29C0	0	\N	\N	\N	t	\N
140	1	6449	7601	14	0106000020E610000001000000010300000001000000050000008C44F1FF2F2643C0507AD23D8CC029C08C44F1FF2F2643C0A0AF828A94B529C0B546F1FF5F2343C0A0AF828A94B529C0B546F1FF5F2343C0507AD23D8CC029C08C44F1FF2F2643C0507AD23D8CC029C0	0	\N	\N	\N	t	\N
141	1	6449	7602	14	0106000020E610000001000000010300000001000000050000008C44F1FF2F2643C0A0AF828A94B529C08C44F1FF2F2643C0C8FBDE999CAA29C0B546F1FF5F2343C0C8FBDE999CAA29C0B546F1FF5F2343C0A0AF828A94B529C08C44F1FF2F2643C0A0AF828A94B529C0	0	\N	\N	\N	t	\N
142	1	6449	7603	14	0106000020E610000001000000010300000001000000050000008C44F1FF2F2643C0C8FBDE999CAA29C08C44F1FF2F2643C070C2FF6BA49F29C0B546F1FF5F2343C070C2FF6BA49F29C0B546F1FF5F2343C0C8FBDE999CAA29C08C44F1FF2F2643C0C8FBDE999CAA29C0	0	\N	\N	\N	t	\N
143	1	6449	7604	14	0106000020E610000001000000010300000001000000050000008C44F1FF2F2643C070C2FF6BA49F29C08C44F1FF2F2643C0D869FD00AC9429C0B546F1FF5F2343C0D869FD00AC9429C0B546F1FF5F2343C070C2FF6BA49F29C08C44F1FF2F2643C070C2FF6BA49F29C0	0	\N	\N	\N	t	\N
144	1	6449	7605	14	0106000020E610000001000000010300000001000000050000008C44F1FF2F2643C0D869FD00AC9429C08C44F1FF2F2643C0205BF058B38929C0B546F1FF5F2343C0205BF058B38929C0B546F1FF5F2343C0D869FD00AC9429C08C44F1FF2F2643C0D869FD00AC9429C0	0	\N	\N	\N	t	\N
145	1	6450	7594	14	0106000020E61000000100000001030000000100000005000000B546F1FF5F2343C0E020D5674B0D2AC0B546F1FF5F2343C080B07A6455022AC0DE48F1FF8F2043C080B07A6455022AC0DE48F1FF8F2043C0E020D5674B0D2AC0B546F1FF5F2343C0E020D5674B0D2AC0	0	\N	\N	\N	t	\N
146	1	6450	7595	14	0106000020E61000000100000001030000000100000005000000B546F1FF5F2343C080B07A6455022AC0B546F1FF5F2343C0F0EB21235FF729C0DE48F1FF8F2043C0F0EB21235FF729C0DE48F1FF8F2043C080B07A6455022AC0B546F1FF5F2343C080B07A6455022AC0	0	\N	\N	\N	t	\N
147	1	6450	7596	14	0106000020E61000000100000001030000000100000005000000B546F1FF5F2343C0F0EB21235FF729C0B546F1FF5F2343C05023E3A368EC29C0DE48F1FF8F2043C05023E3A368EC29C0DE48F1FF8F2043C0F0EB21235FF729C0B546F1FF5F2343C0F0EB21235FF729C0	0	\N	\N	\N	t	\N
148	1	6450	7597	14	0106000020E61000000100000001030000000100000005000000B546F1FF5F2343C05023E3A368EC29C0B546F1FF5F2343C060A9D6E671E129C0DE48F1FF8F2043C060A9D6E671E129C0DE48F1FF8F2043C05023E3A368EC29C0B546F1FF5F2343C05023E3A368EC29C0	0	\N	\N	\N	t	\N
149	1	6450	7598	14	0106000020E61000000100000001030000000100000005000000B546F1FF5F2343C060A9D6E671E129C0B546F1FF5F2343C0D0D314EC7AD629C0DE48F1FF8F2043C0D0D314EC7AD629C0DE48F1FF8F2043C060A9D6E671E129C0B546F1FF5F2343C060A9D6E671E129C0	0	\N	\N	\N	t	\N
150	1	6450	7599	14	0106000020E61000000100000001030000000100000005000000B546F1FF5F2343C0D0D314EC7AD629C0B546F1FF5F2343C008FBB5B383CB29C0DE48F1FF8F2043C008FBB5B383CB29C0DE48F1FF8F2043C0D0D314EC7AD629C0B546F1FF5F2343C0D0D314EC7AD629C0	0	\N	\N	\N	t	\N
151	1	6450	7600	14	0106000020E61000000100000001030000000100000005000000B546F1FF5F2343C008FBB5B383CB29C0B546F1FF5F2343C0507AD23D8CC029C0DE48F1FF8F2043C0507AD23D8CC029C0DE48F1FF8F2043C008FBB5B383CB29C0B546F1FF5F2343C008FBB5B383CB29C0	0	\N	\N	\N	t	\N
152	1	6450	7601	14	0106000020E61000000100000001030000000100000005000000B546F1FF5F2343C0507AD23D8CC029C0B546F1FF5F2343C0A0AF828A94B529C0DE48F1FF8F2043C0A0AF828A94B529C0DE48F1FF8F2043C0507AD23D8CC029C0B546F1FF5F2343C0507AD23D8CC029C0	0	\N	\N	\N	t	\N
153	1	6450	7602	14	0106000020E61000000100000001030000000100000005000000B546F1FF5F2343C0A0AF828A94B529C0B546F1FF5F2343C0C8FBDE999CAA29C0DE48F1FF8F2043C0C8FBDE999CAA29C0DE48F1FF8F2043C0A0AF828A94B529C0B546F1FF5F2343C0A0AF828A94B529C0	0	\N	\N	\N	t	\N
154	1	6450	7603	14	0106000020E61000000100000001030000000100000005000000B546F1FF5F2343C0C8FBDE999CAA29C0B546F1FF5F2343C070C2FF6BA49F29C0DE48F1FF8F2043C070C2FF6BA49F29C0DE48F1FF8F2043C0C8FBDE999CAA29C0B546F1FF5F2343C0C8FBDE999CAA29C0	0	\N	\N	\N	t	\N
155	1	6450	7604	14	0106000020E61000000100000001030000000100000005000000B546F1FF5F2343C070C2FF6BA49F29C0B546F1FF5F2343C0D869FD00AC9429C0DE48F1FF8F2043C0D869FD00AC9429C0DE48F1FF8F2043C070C2FF6BA49F29C0B546F1FF5F2343C070C2FF6BA49F29C0	0	\N	\N	\N	t	\N
156	1	6450	7605	14	0106000020E61000000100000001030000000100000005000000B546F1FF5F2343C0D869FD00AC9429C0B546F1FF5F2343C0205BF058B38929C0DE48F1FF8F2043C0205BF058B38929C0DE48F1FF8F2043C0D869FD00AC9429C0B546F1FF5F2343C0D869FD00AC9429C0	0	\N	\N	\N	t	\N
157	1	6451	7594	14	0106000020E61000000100000001030000000100000005000000DE48F1FF8F2043C0E020D5674B0D2AC0DE48F1FF8F2043C080B07A6455022AC00A4BF1FFBF1D43C080B07A6455022AC00A4BF1FFBF1D43C0E020D5674B0D2AC0DE48F1FF8F2043C0E020D5674B0D2AC0	0	\N	\N	\N	t	\N
158	1	6451	7595	14	0106000020E61000000100000001030000000100000005000000DE48F1FF8F2043C080B07A6455022AC0DE48F1FF8F2043C0F0EB21235FF729C00A4BF1FFBF1D43C0F0EB21235FF729C00A4BF1FFBF1D43C080B07A6455022AC0DE48F1FF8F2043C080B07A6455022AC0	0	\N	\N	\N	t	\N
159	1	6451	7596	14	0106000020E61000000100000001030000000100000005000000DE48F1FF8F2043C0F0EB21235FF729C0DE48F1FF8F2043C05023E3A368EC29C00A4BF1FFBF1D43C05023E3A368EC29C00A4BF1FFBF1D43C0F0EB21235FF729C0DE48F1FF8F2043C0F0EB21235FF729C0	0	\N	\N	\N	t	\N
160	1	6451	7597	14	0106000020E61000000100000001030000000100000005000000DE48F1FF8F2043C05023E3A368EC29C0DE48F1FF8F2043C060A9D6E671E129C00A4BF1FFBF1D43C060A9D6E671E129C00A4BF1FFBF1D43C05023E3A368EC29C0DE48F1FF8F2043C05023E3A368EC29C0	0	\N	\N	\N	t	\N
161	1	6451	7598	14	0106000020E61000000100000001030000000100000005000000DE48F1FF8F2043C060A9D6E671E129C0DE48F1FF8F2043C0D0D314EC7AD629C00A4BF1FFBF1D43C0D0D314EC7AD629C00A4BF1FFBF1D43C060A9D6E671E129C0DE48F1FF8F2043C060A9D6E671E129C0	0	\N	\N	\N	t	\N
162	1	6451	7599	14	0106000020E61000000100000001030000000100000005000000DE48F1FF8F2043C0D0D314EC7AD629C0DE48F1FF8F2043C008FBB5B383CB29C00A4BF1FFBF1D43C008FBB5B383CB29C00A4BF1FFBF1D43C0D0D314EC7AD629C0DE48F1FF8F2043C0D0D314EC7AD629C0	0	\N	\N	\N	t	\N
163	1	6451	7600	14	0106000020E61000000100000001030000000100000005000000DE48F1FF8F2043C008FBB5B383CB29C0DE48F1FF8F2043C0507AD23D8CC029C00A4BF1FFBF1D43C0507AD23D8CC029C00A4BF1FFBF1D43C008FBB5B383CB29C0DE48F1FF8F2043C008FBB5B383CB29C0	0	\N	\N	\N	t	\N
164	1	6451	7601	14	0106000020E61000000100000001030000000100000005000000DE48F1FF8F2043C0507AD23D8CC029C0DE48F1FF8F2043C0A0AF828A94B529C00A4BF1FFBF1D43C0A0AF828A94B529C00A4BF1FFBF1D43C0507AD23D8CC029C0DE48F1FF8F2043C0507AD23D8CC029C0	0	\N	\N	\N	t	\N
165	1	6451	7602	14	0106000020E61000000100000001030000000100000005000000DE48F1FF8F2043C0A0AF828A94B529C0DE48F1FF8F2043C0C8FBDE999CAA29C00A4BF1FFBF1D43C0C8FBDE999CAA29C00A4BF1FFBF1D43C0A0AF828A94B529C0DE48F1FF8F2043C0A0AF828A94B529C0	0	\N	\N	\N	t	\N
166	1	6451	7603	14	0106000020E61000000100000001030000000100000005000000DE48F1FF8F2043C0C8FBDE999CAA29C0DE48F1FF8F2043C070C2FF6BA49F29C00A4BF1FFBF1D43C070C2FF6BA49F29C00A4BF1FFBF1D43C0C8FBDE999CAA29C0DE48F1FF8F2043C0C8FBDE999CAA29C0	0	\N	\N	\N	t	\N
167	1	6451	7604	14	0106000020E61000000100000001030000000100000005000000DE48F1FF8F2043C070C2FF6BA49F29C0DE48F1FF8F2043C0D869FD00AC9429C00A4BF1FFBF1D43C0D869FD00AC9429C00A4BF1FFBF1D43C070C2FF6BA49F29C0DE48F1FF8F2043C070C2FF6BA49F29C0	0	\N	\N	\N	t	\N
168	1	6451	7605	14	0106000020E61000000100000001030000000100000005000000DE48F1FF8F2043C0D869FD00AC9429C0DE48F1FF8F2043C0205BF058B38929C00A4BF1FFBF1D43C0205BF058B38929C00A4BF1FFBF1D43C0D869FD00AC9429C0DE48F1FF8F2043C0D869FD00AC9429C0	0	\N	\N	\N	t	\N
171	1	12889	15208	15	0106000020E61000000100000001030000000100000005000000C83AF1FFD73243C08EC2FF6BA49F29C0E13BF1FF6F3143C08EC2FF6BA49F29C0E13BF1FF6F3143C09373213E289A29C0C83AF1FFD73243C09373213E289A29C0C83AF1FFD73243C08EC2FF6BA49F29C0	0	\N	\N	\N	t	\N
12	2	\N	\N	\N	0106000020E61000000100000001030000000100000005000000E49ECD52E7E532406330BC5C89F640C082133037B2E43240E83320AF4AF740C093BB4F6D38E13240E83320AF4AF740C093BB4F6D38E132406330BC5C89F640C0E49ECD52E7E532406330BC5C89F640C0	0	\N	\N	\N	f	\N
13	2	\N	\N	\N	0106000020E6100000010000000103000000010000000500000093BB4F6D38E13240B1629661D4F540C0F7FF7FADC9E63240EFCFC9CBFBF540C0E49ECD52E7E532406330BC5C89F640C093BB4F6D38E132406330BC5C89F640C093BB4F6D38E13240B1629661D4F540C0	0	\N	\N	\N	f	\N
172	1	12889	15209	15	0106000020E61000000100000001030000000100000005000000C83AF1FFD73243C09373213E289A29C0E13BF1FF6F3143C09373213E289A29C0E13BF1FF6F3143C0E169FD00AC9429C0C83AF1FFD73243C0E169FD00AC9429C0C83AF1FFD73243C09373213E289A29C0	6	\N	360183	\N	t	\N
14	2	\N	\N	\N	0106000020E610000001000000010300000001000000050000005C52664B8DD9324070E0C44E52F940C0F6FF3FB6F2D632400BF53EC585F940C07DF31D1B6CD6324055235A8946F840C05C52664B8DD9324055235A8946F840C05C52664B8DD9324070E0C44E52F940C0	0	\N	\N	\N	f	\N
15	2	\N	\N	\N	0106000020E610000001000000010300000001000000050000007DF31D1B6CD6324055235A8946F840C0D8175CE901D63240E83320AF4AF740C05C52664B8DD93240E83320AF4AF740C05C52664B8DD9324055235A8946F840C07DF31D1B6CD6324055235A8946F840C0	0	\N	\N	\N	f	\N
169	1	12888	15208	15	0106000020E61000000100000001030000000100000005000000BC39F1FF3F3443C08EC2FF6BA49F29C0C83AF1FFD73243C08EC2FF6BA49F29C0C83AF1FFD73243C09373213E289A29C0BC39F1FF3F3443C09373213E289A29C0BC39F1FF3F3443C08EC2FF6BA49F29C0	0	\N	\N	\N	t	\N
17	2	\N	\N	\N	0106000020E610000001000000010300000001000000050000005C52664B8DD9324055235A8946F840C05C52664B8DD93240E83320AF4AF740C0385FA2C5E5DC3240E83320AF4AF740C0385FA2C5E5DC324055235A8946F840C05C52664B8DD9324055235A8946F840C0	0	\N	\N	\N	f	\N
129	1	6448	7602	14	0106000020E610000001000000010300000001000000050000006242F1FFFF2843C0A0AF828A94B529C06242F1FFFF2843C0C8FBDE999CAA29C08C44F1FF2F2643C0C8FBDE999CAA29C08C44F1FF2F2643C0A0AF828A94B529C06242F1FFFF2843C0A0AF828A94B529C0	6	\N	360183	\N	t	\N
18	2	\N	\N	\N	0106000020E610000001000000010300000001000000050000001C0821F41BE03240112867B5D0F840C0385FA2C5E5DC3240FBB72B2F10F940C0385FA2C5E5DC3240033CFBBF06F840C01C0821F41BE03240033CFBBF06F840C01C0821F41BE03240112867B5D0F840C0	0	\N	\N	\N	f	\N
170	1	12888	15209	15	0106000020E61000000100000001030000000100000005000000BC39F1FF3F3443C09373213E289A29C0C83AF1FFD73243C09373213E289A29C0C83AF1FFD73243C0E169FD00AC9429C0BC39F1FF3F3443C0E169FD00AC9429C0BC39F1FF3F3443C09373213E289A29C0	4	\N	360183	360183	t	\N
1	3	\N	\N	\N	0106000020E610000001000000010300000001000000050000000100405B40D53240CEE033A57FF540C0000040B6F2D632400FF53EC585F940C00000C02390E23240EEEACD35A0F840C0010080ADC9E63240EBCFC9CBFBF540C00100405B40D53240CEE033A57FF540C0	0	\N	\N	\N	f	{}
19	2	\N	\N	\N	0106000020E61000000100000001030000000100000005000000385FA2C5E5DC3240033CFBBF06F840C0385FA2C5E5DC3240E83320AF4AF740C01C0821F41BE03240E83320AF4AF740C01C0821F41BE03240033CFBBF06F840C0385FA2C5E5DC3240033CFBBF06F840C0	0	\N	\N	\N	f	\N
20	2	\N	\N	\N	0106000020E6100000010000000103000000010000000500000077C0FC8285E33240033CFBBF06F840C00E00C02390E23240E8EACD35A0F840C01C0821F41BE03240112867B5D0F840C01C0821F41BE03240033CFBBF06F840C077C0FC8285E33240033CFBBF06F840C0	0	\N	\N	\N	f	\N
6	2	\N	\N	\N	0106000020E61000000100000001030000000100000005000000D8175CE901D63240E83320AF4AF740C01B6EF23DA5D532402DE641E86EF640C081542F2F30D932402DE641E86EF640C081542F2F30D93240E83320AF4AF740C0D8175CE901D63240E83320AF4AF740C0	0	\N	\N	\N	f	\N
7	2	\N	\N	\N	0106000020E610000001000000010300000001000000050000001B6EF23DA5D532402DE641E86EF640C0F6FF3F5B40D53240CFE033A57FF540C081542F2F30D9324029C537849BF540C081542F2F30D932402DE641E86EF640C01B6EF23DA5D532402DE641E86EF640C0	0	\N	\N	\N	f	\N
8	2	\N	\N	\N	0106000020E61000000100000001030000000100000005000000385FA2C5E5DC32402DE641E86EF640C0385FA2C5E5DC3240E83320AF4AF740C081542F2F30D93240E83320AF4AF740C081542F2F30D932402DE641E86EF640C0385FA2C5E5DC32402DE641E86EF640C0	0	\N	\N	\N	f	\N
10	2	\N	\N	\N	0106000020E6100000010000000103000000010000000500000093BB4F6D38E132406330BC5C89F640C093BB4F6D38E13240E83320AF4AF740C0385FA2C5E5DC3240E83320AF4AF740C0385FA2C5E5DC32406330BC5C89F640C093BB4F6D38E132406330BC5C89F640C0	0	\N	\N	\N	f	\N
11	2	\N	\N	\N	0106000020E61000000100000001030000000100000005000000385FA2C5E5DC32404883EAC6B5F540C093BB4F6D38E13240B1629661D4F540C093BB4F6D38E132406330BC5C89F640C0385FA2C5E5DC32406330BC5C89F640C0385FA2C5E5DC32404883EAC6B5F540C0	0	\N	\N	\N	f	\N
21	2	\N	\N	\N	0106000020E6100000010000000103000000010000000500000082133037B2E43240E83320AF4AF740C077C0FC8285E33240033CFBBF06F840C01C0821F41BE03240033CFBBF06F840C01C0821F41BE03240E83320AF4AF740C082133037B2E43240E83320AF4AF740C0	0	\N	\N	\N	f	\N
16	2	\N	\N	\N	0106000020E61000000100000001030000000100000005000000385FA2C5E5DC3240FBB72B2F10F940C05C52664B8DD9324070E0C44E52F940C05C52664B8DD9324055235A8946F840C0385FA2C5E5DC324055235A8946F840C0385FA2C5E5DC3240FBB72B2F10F940C0	6	\N	2823295	\N	f	\N
9	2	\N	\N	\N	0106000020E6100000010000000103000000010000000500000081542F2F30D9324029C537849BF540C0385FA2C5E5DC32404883EAC6B5F540C0385FA2C5E5DC32402DE641E86EF640C081542F2F30D932402DE641E86EF640C081542F2F30D9324029C537849BF540C0	2	\N	360183	\N	f	\N
\.


--
-- Data for Name: users; Type: TABLE DATA; Schema: public; Owner: -
--

COPY public.users (id, username, role, mapping_level, tasks_mapped, tasks_validated, tasks_invalidated, projects_mapped, email_address, facebook_id, is_email_verified, linkedin_id, twitter_id, date_registered, last_validation_date, validation_message, is_expert) FROM stdin;
2823295	ramyaragupathy	0	3	0	0	0	{2}	\N	\N	f	\N	\N	2019-04-09 03:11:54.503164	2019-04-09 03:11:54.503182	t	f
360183	wille	1	3	2	1	0	{1,2}	\N	\N	f	\N	\N	2019-04-08 10:51:26.758678	2019-04-08 11:40:37.239041	t	f
94253	xamanu	1	3	0	0	0	\N	\N	\N	f	\N	\N	2019-04-19 13:44:25.422959	2019-04-19 13:44:25.422967	t	f
\.


--
-- Data for Name: users_licenses; Type: TABLE DATA; Schema: public; Owner: -
--

COPY public.users_licenses ("user", license) FROM stdin;
\.


--
-- Data for Name: topology; Type: TABLE DATA; Schema: topology; Owner: -
--

COPY topology.topology (id, name, srid, "precision", hasz) FROM stdin;
\.


--
-- Data for Name: layer; Type: TABLE DATA; Schema: topology; Owner: -
--

COPY topology.layer (topology_id, layer_id, schema_name, table_name, feature_column, feature_type, level, child_id) FROM stdin;
\.


--
-- Name: licenses_id_seq; Type: SEQUENCE SET; Schema: public; Owner: -
--

SELECT pg_catalog.setval('public.licenses_id_seq', 1, false);


--
-- Name: messages_id_seq; Type: SEQUENCE SET; Schema: public; Owner: -
--

SELECT pg_catalog.setval('public.messages_id_seq', 2, true);


--
-- Name: priority_areas_id_seq; Type: SEQUENCE SET; Schema: public; Owner: -
--

SELECT pg_catalog.setval('public.priority_areas_id_seq', 1, false);


--
-- Name: project_chat_id_seq; Type: SEQUENCE SET; Schema: public; Owner: -
--

SELECT pg_catalog.setval('public.project_chat_id_seq', 1, false);


--
-- Name: projects_id_seq; Type: SEQUENCE SET; Schema: public; Owner: -
--

SELECT pg_catalog.setval('public.projects_id_seq', 3, true);


--
-- Name: tags_id_seq; Type: SEQUENCE SET; Schema: public; Owner: -
--

SELECT pg_catalog.setval('public.tags_id_seq', 1, false);


--
-- Name: task_history_id_seq; Type: SEQUENCE SET; Schema: public; Owner: -
--

SELECT pg_catalog.setval('public.task_history_id_seq', 123, true);


--
-- Name: task_invalidation_history_id_seq; Type: SEQUENCE SET; Schema: public; Owner: -
--

SELECT pg_catalog.setval('public.task_invalidation_history_id_seq', 1, false);


--
-- Name: users_id_seq; Type: SEQUENCE SET; Schema: public; Owner: -
--

SELECT pg_catalog.setval('public.users_id_seq', 1, false);


--
-- Name: alembic_version alembic_version_pkc; Type: CONSTRAINT; Schema: public; Owner: -
--

ALTER TABLE ONLY public.alembic_version
    ADD CONSTRAINT alembic_version_pkc PRIMARY KEY (version_num);


--
-- Name: licenses licenses_name_key; Type: CONSTRAINT; Schema: public; Owner: -
--

ALTER TABLE ONLY public.licenses
    ADD CONSTRAINT licenses_name_key UNIQUE (name);


--
-- Name: licenses licenses_pkey; Type: CONSTRAINT; Schema: public; Owner: -
--

ALTER TABLE ONLY public.licenses
    ADD CONSTRAINT licenses_pkey PRIMARY KEY (id);


--
-- Name: messages messages_pkey; Type: CONSTRAINT; Schema: public; Owner: -
--

ALTER TABLE ONLY public.messages
    ADD CONSTRAINT messages_pkey PRIMARY KEY (id);


--
-- Name: priority_areas priority_areas_pkey; Type: CONSTRAINT; Schema: public; Owner: -
--

ALTER TABLE ONLY public.priority_areas
    ADD CONSTRAINT priority_areas_pkey PRIMARY KEY (id);


--
-- Name: project_chat project_chat_pkey; Type: CONSTRAINT; Schema: public; Owner: -
--

ALTER TABLE ONLY public.project_chat
    ADD CONSTRAINT project_chat_pkey PRIMARY KEY (id);


--
-- Name: project_info project_info_pkey; Type: CONSTRAINT; Schema: public; Owner: -
--

ALTER TABLE ONLY public.project_info
    ADD CONSTRAINT project_info_pkey PRIMARY KEY (project_id, locale);


--
-- Name: projects projects_pkey; Type: CONSTRAINT; Schema: public; Owner: -
--

ALTER TABLE ONLY public.projects
    ADD CONSTRAINT projects_pkey PRIMARY KEY (id);


--
-- Name: tags tags_campaigns_key; Type: CONSTRAINT; Schema: public; Owner: -
--

ALTER TABLE ONLY public.tags
    ADD CONSTRAINT tags_campaigns_key UNIQUE (campaigns);


--
-- Name: tags tags_organisations_key; Type: CONSTRAINT; Schema: public; Owner: -
--

ALTER TABLE ONLY public.tags
    ADD CONSTRAINT tags_organisations_key UNIQUE (organisations);


--
-- Name: tags tags_pkey; Type: CONSTRAINT; Schema: public; Owner: -
--

ALTER TABLE ONLY public.tags
    ADD CONSTRAINT tags_pkey PRIMARY KEY (id);


--
-- Name: task_history task_history_pkey; Type: CONSTRAINT; Schema: public; Owner: -
--

ALTER TABLE ONLY public.task_history
    ADD CONSTRAINT task_history_pkey PRIMARY KEY (id);


--
-- Name: task_invalidation_history task_invalidation_history_pkey; Type: CONSTRAINT; Schema: public; Owner: -
--

ALTER TABLE ONLY public.task_invalidation_history
    ADD CONSTRAINT task_invalidation_history_pkey PRIMARY KEY (id);


--
-- Name: tasks tasks_pkey; Type: CONSTRAINT; Schema: public; Owner: -
--

ALTER TABLE ONLY public.tasks
    ADD CONSTRAINT tasks_pkey PRIMARY KEY (id, project_id);


--
-- Name: users users_pkey; Type: CONSTRAINT; Schema: public; Owner: -
--

ALTER TABLE ONLY public.users
    ADD CONSTRAINT users_pkey PRIMARY KEY (id);


--
-- Name: users users_username_key; Type: CONSTRAINT; Schema: public; Owner: -
--

ALTER TABLE ONLY public.users
    ADD CONSTRAINT users_username_key UNIQUE (username);


--
-- Name: idx_geometry; Type: INDEX; Schema: public; Owner: -
--

CREATE INDEX idx_geometry ON public.projects USING gist (geometry);


--
-- Name: idx_project_info composite; Type: INDEX; Schema: public; Owner: -
--

CREATE INDEX "idx_project_info composite" ON public.project_info USING btree (locale, project_id);


--
-- Name: idx_task_history_composite; Type: INDEX; Schema: public; Owner: -
--

CREATE INDEX idx_task_history_composite ON public.task_history USING btree (task_id, project_id);


--
-- Name: idx_task_validation_history_composite; Type: INDEX; Schema: public; Owner: -
--

CREATE INDEX idx_task_validation_history_composite ON public.task_invalidation_history USING btree (task_id, project_id);


--
-- Name: idx_task_validation_mapper_status_composite; Type: INDEX; Schema: public; Owner: -
--

CREATE INDEX idx_task_validation_mapper_status_composite ON public.task_invalidation_history USING btree (invalidator_id, is_closed);


--
-- Name: idx_username_lower; Type: INDEX; Schema: public; Owner: -
--

CREATE INDEX idx_username_lower ON public.users USING btree (lower((username)::text));


--
-- Name: ix_messages_message_type; Type: INDEX; Schema: public; Owner: -
--

CREATE INDEX ix_messages_message_type ON public.messages USING btree (message_type);


--
-- Name: ix_messages_project_id; Type: INDEX; Schema: public; Owner: -
--

CREATE INDEX ix_messages_project_id ON public.messages USING btree (project_id);


--
-- Name: ix_messages_task_id; Type: INDEX; Schema: public; Owner: -
--

CREATE INDEX ix_messages_task_id ON public.messages USING btree (task_id);


--
-- Name: ix_messages_to_user_id; Type: INDEX; Schema: public; Owner: -
--

CREATE INDEX ix_messages_to_user_id ON public.messages USING btree (to_user_id);


--
-- Name: ix_project_chat_project_id; Type: INDEX; Schema: public; Owner: -
--

CREATE INDEX ix_project_chat_project_id ON public.project_chat USING btree (project_id);


--
-- Name: ix_projects_campaign_tag; Type: INDEX; Schema: public; Owner: -
--

CREATE INDEX ix_projects_campaign_tag ON public.projects USING btree (campaign_tag);


--
-- Name: ix_projects_mapper_level; Type: INDEX; Schema: public; Owner: -
--

CREATE INDEX ix_projects_mapper_level ON public.projects USING btree (mapper_level);


--
-- Name: ix_projects_mapping_types; Type: INDEX; Schema: public; Owner: -
--

CREATE INDEX ix_projects_mapping_types ON public.projects USING btree (mapping_types);


--
-- Name: ix_projects_organisation_tag; Type: INDEX; Schema: public; Owner: -
--

CREATE INDEX ix_projects_organisation_tag ON public.projects USING btree (organisation_tag);


--
-- Name: ix_task_history_project_id; Type: INDEX; Schema: public; Owner: -
--

CREATE INDEX ix_task_history_project_id ON public.task_history USING btree (project_id);


--
-- Name: ix_tasks_project_id; Type: INDEX; Schema: public; Owner: -
--

CREATE INDEX ix_tasks_project_id ON public.tasks USING btree (project_id);


--
-- Name: ix_users_id; Type: INDEX; Schema: public; Owner: -
--

CREATE INDEX ix_users_id ON public.users USING btree (id);


--
-- Name: task_invalidation_history fk_invalidation_history; Type: FK CONSTRAINT; Schema: public; Owner: -
--

ALTER TABLE ONLY public.task_invalidation_history
    ADD CONSTRAINT fk_invalidation_history FOREIGN KEY (invalidation_history_id) REFERENCES public.task_history(id);


--
-- Name: task_invalidation_history fk_invalidators; Type: FK CONSTRAINT; Schema: public; Owner: -
--

ALTER TABLE ONLY public.task_invalidation_history
    ADD CONSTRAINT fk_invalidators FOREIGN KEY (invalidator_id) REFERENCES public.users(id);


--
-- Name: projects fk_licenses; Type: FK CONSTRAINT; Schema: public; Owner: -
--

ALTER TABLE ONLY public.projects
    ADD CONSTRAINT fk_licenses FOREIGN KEY (license_id) REFERENCES public.licenses(id);


--
-- Name: task_invalidation_history fk_mappers; Type: FK CONSTRAINT; Schema: public; Owner: -
--

ALTER TABLE ONLY public.task_invalidation_history
    ADD CONSTRAINT fk_mappers FOREIGN KEY (mapper_id) REFERENCES public.users(id);


--
-- Name: messages fk_message_projects; Type: FK CONSTRAINT; Schema: public; Owner: -
--

ALTER TABLE ONLY public.messages
    ADD CONSTRAINT fk_message_projects FOREIGN KEY (project_id) REFERENCES public.projects(id);


--
-- Name: task_history fk_tasks; Type: FK CONSTRAINT; Schema: public; Owner: -
--

ALTER TABLE ONLY public.task_history
    ADD CONSTRAINT fk_tasks FOREIGN KEY (task_id, project_id) REFERENCES public.tasks(id, project_id);


--
-- Name: task_invalidation_history fk_tasks; Type: FK CONSTRAINT; Schema: public; Owner: -
--

ALTER TABLE ONLY public.task_invalidation_history
    ADD CONSTRAINT fk_tasks FOREIGN KEY (task_id, project_id) REFERENCES public.tasks(id, project_id);


--
-- Name: projects fk_users; Type: FK CONSTRAINT; Schema: public; Owner: -
--

ALTER TABLE ONLY public.projects
    ADD CONSTRAINT fk_users FOREIGN KEY (author_id) REFERENCES public.users(id);


--
-- Name: task_history fk_users; Type: FK CONSTRAINT; Schema: public; Owner: -
--

ALTER TABLE ONLY public.task_history
    ADD CONSTRAINT fk_users FOREIGN KEY (user_id) REFERENCES public.users(id);


--
-- Name: tasks fk_users_locked; Type: FK CONSTRAINT; Schema: public; Owner: -
--

ALTER TABLE ONLY public.tasks
    ADD CONSTRAINT fk_users_locked FOREIGN KEY (locked_by) REFERENCES public.users(id);


--
-- Name: tasks fk_users_mapper; Type: FK CONSTRAINT; Schema: public; Owner: -
--

ALTER TABLE ONLY public.tasks
    ADD CONSTRAINT fk_users_mapper FOREIGN KEY (mapped_by) REFERENCES public.users(id);


--
-- Name: tasks fk_users_validator; Type: FK CONSTRAINT; Schema: public; Owner: -
--

ALTER TABLE ONLY public.tasks
    ADD CONSTRAINT fk_users_validator FOREIGN KEY (validated_by) REFERENCES public.users(id);


--
-- Name: task_invalidation_history fk_validators; Type: FK CONSTRAINT; Schema: public; Owner: -
--

ALTER TABLE ONLY public.task_invalidation_history
    ADD CONSTRAINT fk_validators FOREIGN KEY (validator_id) REFERENCES public.users(id);


--
-- Name: messages messages_from_user_id_fkey; Type: FK CONSTRAINT; Schema: public; Owner: -
--

ALTER TABLE ONLY public.messages
    ADD CONSTRAINT messages_from_user_id_fkey FOREIGN KEY (from_user_id) REFERENCES public.users(id);


--
-- Name: messages messages_to_user_id_fkey; Type: FK CONSTRAINT; Schema: public; Owner: -
--

ALTER TABLE ONLY public.messages
    ADD CONSTRAINT messages_to_user_id_fkey FOREIGN KEY (to_user_id) REFERENCES public.users(id);


--
-- Name: project_allowed_users project_allowed_users_project_id_fkey; Type: FK CONSTRAINT; Schema: public; Owner: -
--

ALTER TABLE ONLY public.project_allowed_users
    ADD CONSTRAINT project_allowed_users_project_id_fkey FOREIGN KEY (project_id) REFERENCES public.projects(id);


--
-- Name: project_allowed_users project_allowed_users_user_id_fkey; Type: FK CONSTRAINT; Schema: public; Owner: -
--

ALTER TABLE ONLY public.project_allowed_users
    ADD CONSTRAINT project_allowed_users_user_id_fkey FOREIGN KEY (user_id) REFERENCES public.users(id);


--
-- Name: project_chat project_chat_project_id_fkey; Type: FK CONSTRAINT; Schema: public; Owner: -
--

ALTER TABLE ONLY public.project_chat
    ADD CONSTRAINT project_chat_project_id_fkey FOREIGN KEY (project_id) REFERENCES public.projects(id);


--
-- Name: project_chat project_chat_user_id_fkey; Type: FK CONSTRAINT; Schema: public; Owner: -
--

ALTER TABLE ONLY public.project_chat
    ADD CONSTRAINT project_chat_user_id_fkey FOREIGN KEY (user_id) REFERENCES public.users(id);


--
-- Name: project_info project_info_project_id_fkey; Type: FK CONSTRAINT; Schema: public; Owner: -
--

ALTER TABLE ONLY public.project_info
    ADD CONSTRAINT project_info_project_id_fkey FOREIGN KEY (project_id) REFERENCES public.projects(id);


--
-- Name: project_priority_areas project_priority_areas_priority_area_id_fkey; Type: FK CONSTRAINT; Schema: public; Owner: -
--

ALTER TABLE ONLY public.project_priority_areas
    ADD CONSTRAINT project_priority_areas_priority_area_id_fkey FOREIGN KEY (priority_area_id) REFERENCES public.priority_areas(id);


--
-- Name: project_priority_areas project_priority_areas_project_id_fkey; Type: FK CONSTRAINT; Schema: public; Owner: -
--

ALTER TABLE ONLY public.project_priority_areas
    ADD CONSTRAINT project_priority_areas_project_id_fkey FOREIGN KEY (project_id) REFERENCES public.projects(id);


--
-- Name: task_history task_history_project_id_fkey; Type: FK CONSTRAINT; Schema: public; Owner: -
--

ALTER TABLE ONLY public.task_history
    ADD CONSTRAINT task_history_project_id_fkey FOREIGN KEY (project_id) REFERENCES public.projects(id);


--
-- Name: task_invalidation_history task_invalidation_history_project_id_fkey; Type: FK CONSTRAINT; Schema: public; Owner: -
--

ALTER TABLE ONLY public.task_invalidation_history
    ADD CONSTRAINT task_invalidation_history_project_id_fkey FOREIGN KEY (project_id) REFERENCES public.projects(id);


--
-- Name: tasks tasks_project_id_fkey; Type: FK CONSTRAINT; Schema: public; Owner: -
--

ALTER TABLE ONLY public.tasks
    ADD CONSTRAINT tasks_project_id_fkey FOREIGN KEY (project_id) REFERENCES public.projects(id);


--
-- Name: users_licenses users_licenses_license_fkey; Type: FK CONSTRAINT; Schema: public; Owner: -
--

ALTER TABLE ONLY public.users_licenses
    ADD CONSTRAINT users_licenses_license_fkey FOREIGN KEY (license) REFERENCES public.licenses(id);


--
-- Name: users_licenses users_licenses_user_fkey; Type: FK CONSTRAINT; Schema: public; Owner: -
--

ALTER TABLE ONLY public.users_licenses
    ADD CONSTRAINT users_licenses_user_fkey FOREIGN KEY ("user") REFERENCES public.users(id);


--
-- PostgreSQL database dump complete
--

